Drug Name,Drug Class,Hint 1 (Contraindications),Hint 2 (Adverse effects),Hint 3 (What symptom(s) and disease(s) drug is used to treat),"Hint 4 (what is the effect of this drug? (NOT MOA, but physical impact))",Hint 5 (what makes this drug unique from others in its class?),Hint 6 (MOA)
Bethanechol,Direct Muscarinic Agonists,"Avoid this drug in asthma, peptic ulcer disease, or urinary obstruction.","It can cause sweating, diarrhea, salivation, and slow heart rate.",It is used for urinary retention and poor bladder emptying after surgery.,It makes the bladder muscle squeeze and helps urine pass.,"It has poor lipid solubility, so it mainly acts outside the brain.","It directly stimulates muscarinic receptors, especially M3 receptors on smooth muscle."
Pilocarpine,Direct Muscarinic Agonists,Avoid this drug in uncontrolled asthma or narrow-angle glaucoma when used systemically.,"It can cause sweating, salivation, bronchospasm, and blurry vision.",It is used for glaucoma and dry mouth from Sjögren syndrome.,It increases gland secretions and helps fluid drain from the eye.,It can trigger pinpoint pupils during an eye exam.,"It directly stimulates muscarinic receptors, causing parasympathetic effects."
Carbachol,Direct Muscarinic Agonists,Avoid this drug in patients with severe asthma or active stomach ulcers.,"It can cause bronchospasm, diarrhea, sweating, and low blood pressure.",It is used mainly in the eye for glaucoma or to cause miosis.,It lowers eye pressure and makes the pupil constrict.,It can act at both muscarinic and nicotinic receptors.,"It directly stimulates cholinergic receptors, including muscarinic receptors in the eye."
Methacholine,Direct Muscarinic Agonists,Avoid this drug in patients with significant asthma or recent heart attack.,"It can cause wheezing, flushing, headache, and low blood pressure.",It is used as a bronchial challenge test to diagnose airway hyperreactivity.,It narrows the airways in people with reactive lungs.,It is mainly remembered as a diagnostic drug rather than a treatment drug.,It directly stimulates muscarinic receptors in bronchial smooth muscle.
Neostigmine,Acetylcholinesterase Inhibitors,Avoid this drug when the gut or urinary tract is mechanically blocked.,"It can cause diarrhea, salivation, slow heart rate, and muscle cramps.",It is used for myasthenia gravis and to reverse nondepolarizing neuromuscular blockers.,It increases muscle strength and improves bowel or bladder movement.,It does not cross the blood-brain barrier well because it is charged.,"It reversibly inhibits acetylcholinesterase, increasing acetylcholine at synapses."
Physostigmine,Acetylcholinesterase Inhibitors,"Avoid this drug in asthma, intestinal obstruction, or urinary obstruction.","It can cause seizures, slow heart rate, diarrhea, and excess secretions.","It is used to treat antimuscarinic toxicity, especially central toxicity.",It restores parasympathetic activity and improves confusion from anticholinergic poisoning.,It can enter the brain because it is a tertiary amine.,"It reversibly inhibits acetylcholinesterase, increasing acetylcholine in the body and brain."
Pyridostigmine,Acetylcholinesterase Inhibitors,Avoid this drug in mechanical bowel or urinary obstruction.,"It can cause abdominal cramps, diarrhea, sweating, and slow heart rate.",It is used for long-term treatment of myasthenia gravis.,It improves skeletal muscle strength for several hours.,It lasts longer than edrophonium and is used for maintenance therapy.,It reversibly inhibits acetylcholinesterase at the neuromuscular junction.
Edrophonium,Acetylcholinesterase Inhibitors,Avoid this drug in patients with significant bradycardia or asthma.,"It can cause fainting, bronchospasm, diarrhea, and increased secretions.",It was used as a short diagnostic test for myasthenia gravis.,It briefly improves muscle strength in myasthenic weakness.,It has a very short duration of action compared with similar drugs.,It reversibly inhibits acetylcholinesterase for a brief time.
Donepezil,Acetylcholinesterase Inhibitors,"Use caution in patients with slow heart rate, asthma, or stomach ulcers.","It can cause nausea, diarrhea, insomnia, muscle cramps, and slow heart rate.",It is used for symptoms of Alzheimer disease.,It can slightly improve memory and thinking symptoms.,It is commonly given once daily because it has a long half-life.,It reversibly inhibits acetylcholinesterase in the central nervous system.
Rivastigmine,Acetylcholinesterase Inhibitors,"Use caution in patients with asthma, ulcers, or conduction problems in the heart.","It can cause nausea, vomiting, diarrhea, dizziness, and weight loss.",It is used for Alzheimer disease and Parkinson disease dementia.,It may modestly improve cognition and daily function.,It is available as a transdermal patch to reduce stomach side effects.,It inhibits acetylcholinesterase and butyrylcholinesterase in the brain.
Galantamine,Acetylcholinesterase Inhibitors,"Use caution in patients with slow heart rate, asthma, or liver disease.","It can cause nausea, vomiting, diarrhea, dizziness, and loss of appetite.",It is used for mild to moderate Alzheimer disease.,It helps increase cholinergic signaling involved in memory.,It also modulates nicotinic receptors in addition to enzyme inhibition.,It reversibly inhibits acetylcholinesterase and enhances nicotinic receptor activity.
Atropine,Muscarinic Antagonists,Avoid this drug in narrow-angle glaucoma and prostatic urinary retention.,"It can cause dry mouth, blurry vision, constipation, fever, and confusion.","It is used for bradycardia, organophosphate poisoning, and anticholinesterase overdose.",It increases heart rate and dries secretions.,It is the classic antidote for muscarinic symptoms from cholinesterase inhibitor poisoning.,It competitively blocks muscarinic acetylcholine receptors.
Scopolamine,Muscarinic Antagonists,Avoid this drug in narrow-angle glaucoma or severe urinary retention.,"It can cause dry mouth, drowsiness, blurry vision, and confusion.",It is used to prevent motion sickness and postoperative nausea.,It reduces vestibular nausea signals and dries secretions.,It is often given as a patch placed behind the ear.,It competitively blocks muscarinic acetylcholine receptors in the vestibular system and brain.
Ipratropium,Muscarinic Antagonists,Avoid this drug in patients with allergy to atropine-like drugs.,"It can cause dry mouth, cough, and throat irritation.",It is used for COPD and sometimes asthma as an inhaled bronchodilator.,It opens the airways and reduces mucus secretion.,It is short acting and is often paired with a short-acting beta agonist.,"It blocks muscarinic receptors in the bronchi, especially M3 receptors."
Tiotropium,Muscarinic Antagonists,Avoid this drug in patients with severe hypersensitivity to anticholinergic inhalers.,"It can cause dry mouth, urinary retention, and worsening narrow-angle glaucoma if sprayed into the eyes.",It is used as long-term maintenance treatment for COPD.,It keeps the airways relaxed for a full day.,It is a long-acting inhaled antimuscarinic used once daily.,"It blocks muscarinic receptors in bronchial smooth muscle, especially M3 receptors."
Benztropine,Muscarinic Antagonists,Avoid this drug in narrow-angle glaucoma and significant urinary retention.,"It can cause dry mouth, constipation, confusion, and blurry vision.",It is used for Parkinson disease symptoms and drug-induced parkinsonism.,It reduces tremor and muscle stiffness.,It is especially useful for extrapyramidal symptoms caused by antipsychotics.,It blocks muscarinic receptors in the central nervous system.
Trihexyphenidyl,Muscarinic Antagonists,Avoid this drug in narrow-angle glaucoma or bladder outlet obstruction.,"It can cause dry mouth, constipation, blurred vision, and confusion.",It is used for Parkinson disease tremor and dystonia from antipsychotics.,It decreases abnormal cholinergic activity that contributes to tremor.,It is an older central anticholinergic used mainly for movement side effects.,It blocks central muscarinic acetylcholine receptors.
Glycopyrrolate,Muscarinic Antagonists,Avoid this drug in significant urinary obstruction or severe ulcerative colitis.,"It can cause dry mouth, constipation, urinary retention, and thick secretions.",It is used to reduce secretions before surgery and to prevent vagal slowing of the heart.,It dries saliva and airway secretions without much brain effect.,"It is charged, so it poorly enters the central nervous system.",It competitively blocks muscarinic acetylcholine receptors outside the brain.
Oxybutynin,Muscarinic Antagonists,"Avoid this drug in gastric retention, uncontrolled narrow-angle glaucoma, or urinary retention.","It can cause dry mouth, constipation, blurry vision, and heat intolerance.",It is used for overactive bladder and urge incontinence.,It relaxes the bladder and decreases sudden urges to urinate.,It is more likely than some newer agents to cause dry mouth.,"It blocks muscarinic receptors in bladder smooth muscle, especially M3 receptors."
Tolterodine,Muscarinic Antagonists,"Avoid this drug in urinary retention, gastric retention, or uncontrolled narrow-angle glaucoma.","It can cause dry mouth, constipation, headache, and blurry vision.",It is used for overactive bladder with urgency and frequency.,It decreases bladder contractions and urinary urgency.,It was designed to be more bladder selective than older antimuscarinics.,It blocks muscarinic receptors in the bladder.
Homatropine/Tropicamide,Muscarinic Antagonists,Avoid these drugs in narrow-angle glaucoma unless used under eye-care supervision.,"They can cause light sensitivity, blurry vision, and increased eye pressure.",They are used to dilate the pupil during eye exams.,They cause pupil dilation and cycloplegia.,They are short-acting eye drops used mainly for examination.,They block muscarinic receptors in the iris sphincter and ciliary muscle.
Dicyclomine,Muscarinic Antagonists,"Avoid this drug in glaucoma, urinary obstruction, or severe ulcerative colitis.","It can cause dry mouth, dizziness, constipation, and blurry vision.",It is used for abdominal cramps in irritable bowel syndrome.,It relaxes intestinal smooth muscle and reduces spasms.,It is mainly used for gastrointestinal antispasmodic effects.,It blocks muscarinic receptors in the gastrointestinal tract.
Hyoscyamine,Muscarinic Antagonists,"Avoid this drug in glaucoma, obstructive uropathy, or myasthenia gravis.","It can cause dry mouth, constipation, blurry vision, and drowsiness.",It is used for intestinal cramps and bladder spasms.,It decreases smooth muscle spasms and secretions.,It is a natural belladonna alkaloid related to atropine.,It competitively blocks muscarinic acetylcholine receptors.
Succinylcholine,Nicotinic Antagonists,"Avoid this drug in patients with major burns, crush injuries, or severe hyperkalemia risk.","It can cause malignant hyperthermia, high potassium, muscle pain, and apnea.",It is used for rapid sequence intubation and short procedures needing paralysis.,It causes brief muscle twitching followed by flaccid paralysis.,It is the only commonly tested depolarizing neuromuscular blocker.,"It persistently activates nicotinic receptors at the neuromuscular junction, causing depolarizing blockade."
Rocuronium,Nicotinic Antagonists,Use caution in patients with severe liver disease or prolonged paralysis risk.,It can cause prolonged weakness and rarely allergic reactions.,It is used to create skeletal muscle paralysis during surgery or intubation.,It produces rapid paralysis without causing initial muscle fasciculations.,It can be quickly reversed by sugammadex.,It competitively blocks nicotinic acetylcholine receptors at the neuromuscular junction.
Epinephrine,Mixed α/β Agonists,Use caution in patients with serious tachyarrhythmias or severe hypertension.,"It can cause palpitations, tremor, anxiety, headache, and high blood pressure.","It is used for anaphylaxis, cardiac arrest, and severe asthma exacerbations.","It raises heart rate, raises blood pressure, and opens the airways.",It is the first-line emergency drug for anaphylaxis.,"It stimulates alpha-1, alpha-2, beta-1, and beta-2 adrenergic receptors."
Norepinephrine,Mixed α/β Agonists,Use caution in patients with severe peripheral vascular disease or mesenteric thrombosis.,"It can cause tissue ischemia, high blood pressure, reflex bradycardia, and arrhythmias.",It is used for septic shock and severe hypotension.,It strongly raises blood pressure by tightening blood vessels.,It is a preferred vasopressor in septic shock.,"It stimulates alpha-1, alpha-2, and beta-1 adrenergic receptors with little beta-2 effect."
Dopamine,Dopamine Receptor Agonists,Use caution in patients with tachyarrhythmias or pheochromocytoma.,"It can cause nausea, headache, arrhythmias, and limb ischemia at high doses.",It is used for shock with low blood pressure or low cardiac output.,It increases kidney blood flow at low doses and raises cardiac output at moderate doses.,Its receptor effects change as the dose increases.,"It stimulates dopamine receptors at low doses, beta-1 receptors at moderate doses, and alpha-1 receptors at high doses."
Dobutamine,β1-Selective Agonists,Use caution in patients with atrial fibrillation or severe tachyarrhythmias.,"It can cause tachycardia, palpitations, headache, and increased oxygen demand.",It is used for acute heart failure and cardiogenic shock.,It increases the force of heart contraction with less effect on blood pressure than many pressors.,It is often used as an inotrope during stress echocardiography.,It primarily stimulates beta-1 adrenergic receptors in the heart.
Isoproterenol,Non-selective β Agonists,Avoid this drug in patients with dangerous tachyarrhythmias.,"It can cause tachycardia, palpitations, tremor, and flushing.",It is used rarely for bradycardia or heart block and as a pharmacologic stress agent.,It raises heart rate and relaxes airways and blood vessels.,It has no meaningful alpha receptor activity.,It stimulates beta-1 and beta-2 adrenergic receptors.
Albuterol,Selective β2 Agonists,Use caution in patients with severe tachyarrhythmias or uncontrolled hyperthyroidism.,"It can cause tremor, nervousness, palpitations, and low potassium.",It is used as rescue therapy for asthma and COPD bronchospasm.,It quickly relaxes airway smooth muscle.,It is a short-acting inhaled bronchodilator used for quick relief.,It stimulates beta-2 adrenergic receptors in bronchial smooth muscle.
Salmeterol,Selective β2 Agonists,Do not use this drug as the only treatment for asthma without an inhaled steroid.,"It can cause tremor, palpitations, headache, and low potassium.",It is used for long-term control of asthma and COPD symptoms.,It keeps the airways open for many hours.,"It has a slow onset, so it is not used for sudden asthma attacks.",It stimulates beta-2 adrenergic receptors for a long duration.
Formoterol,Selective β2 Agonists,Do not use this drug alone for chronic asthma control without anti-inflammatory therapy.,"It can cause tremor, palpitations, headache, and low potassium.",It is used for maintenance treatment of asthma and COPD.,It relaxes airway smooth muscle for about twelve hours.,It has a faster onset than salmeterol among long-acting beta agonists.,It stimulates beta-2 adrenergic receptors in the lungs.
Terbutaline,Selective β2 Agonists,Use caution in patients with significant heart disease or uncontrolled hyperthyroidism.,"It can cause tremor, tachycardia, palpitations, and low potassium.","It is used for asthma, COPD symptoms, and sometimes to relax the uterus in preterm labor.",It opens the airways and can reduce uterine contractions.,It is one of the beta-2 agonists remembered for tocolysis.,It stimulates beta-2 adrenergic receptors on smooth muscle.
Phenylephrine,α1-Selective Agonists,Use caution in patients with severe hypertension or bradycardia.,"It can cause headache, high blood pressure, reflex bradycardia, and ischemia.","It is used for nasal congestion, low blood pressure, and pupil dilation.",It tightens blood vessels and raises blood pressure.,It has almost pure alpha-1 activity and is useful when tachycardia should be avoided.,It stimulates alpha-1 adrenergic receptors on vascular smooth muscle.
Midodrine,α1-Selective Agonists,Avoid this drug in patients with severe organic heart disease or urinary retention.,"It can cause supine hypertension, tingling, chills, and urinary urgency.",It is used for symptomatic orthostatic hypotension.,It raises standing blood pressure and reduces dizziness on standing.,It is an oral prodrug that can cause high blood pressure while lying down.,It stimulates alpha-1 adrenergic receptors through its active metabolite.
Amphetamine,Indirect Sympathomimetics,"Avoid this drug in advanced arteriosclerosis, symptomatic heart disease, or severe hypertension.","It can cause insomnia, appetite loss, anxiety, high blood pressure, and tachycardia.",It is used for ADHD and narcolepsy.,"It increases alertness, attention, and wakefulness.",It is a classic indirect sympathomimetic with high abuse potential.,It increases release of norepinephrine and dopamine and reduces their reuptake.
Ephedrine,Indirect Sympathomimetics,"Avoid this drug in severe hypertension, arrhythmias, or narrow-angle glaucoma.","It can cause tremor, insomnia, palpitations, and urinary retention.",It is used for nasal congestion and sometimes low blood pressure.,It raises blood pressure and decreases nasal swelling.,It has both direct receptor activity and indirect catecholamine release.,It stimulates alpha and beta receptors and promotes norepinephrine release.
Cocaine,Reuptake Inhibitors,Avoid this drug in patients with significant coronary artery disease or uncontrolled hypertension.,"It can cause chest pain, seizures, anxiety, high blood pressure, and arrhythmias.",It is used medically as a local anesthetic in some nasal procedures.,It numbs tissue and tightens local blood vessels.,It is the local anesthetic known for causing intense vasoconstriction.,"It blocks norepinephrine, dopamine, and serotonin reuptake and blocks voltage-gated sodium channels."
Propranolol,Beta Blockers,"Avoid this drug in asthma, severe bradycardia, or heart block.","It can cause bronchospasm, fatigue, depression, sexual dysfunction, and low heart rate.","It is used for hypertension, angina, essential tremor, migraine prevention, and hyperthyroid symptoms.",It slows the heart and reduces tremor and sympathetic symptoms.,It is nonselective and is useful for performance anxiety and essential tremor.,It blocks beta-1 and beta-2 adrenergic receptors.
Metoprolol,Beta Blockers,"Use caution in patients with severe bradycardia, heart block, or decompensated heart failure.","It can cause fatigue, dizziness, depression, and low heart rate.","It is used for hypertension, angina, heart failure, and rate control.",It slows the heart and lowers blood pressure.,It is beta-1 selective at usual doses and is commonly used after myocardial infarction.,It selectively blocks beta-1 adrenergic receptors in the heart.
Atenolol,Beta Blockers,Avoid this drug in severe bradycardia or advanced heart block.,"It can cause fatigue, cold extremities, dizziness, and low heart rate.",It is used for hypertension and angina.,It lowers heart rate and blood pressure.,It is relatively water soluble and has less central nervous system penetration.,It selectively blocks beta-1 adrenergic receptors.
Carvedilol,Beta Blockers,"Avoid this drug in severe asthma, severe bradycardia, or decompensated heart failure.","It can cause dizziness, fatigue, low blood pressure, and bronchospasm.",It is used for heart failure and hypertension.,It lowers blood pressure and decreases harmful sympathetic stress on the heart.,It blocks both beta receptors and alpha-1 receptors.,"It blocks beta-1, beta-2, and alpha-1 adrenergic receptors."
Esmolol,Beta Blockers,"Avoid this drug in severe bradycardia, heart block, or cardiogenic shock.","It can cause low blood pressure, fatigue, and slow heart rate.",It is used intravenously for acute rate control and perioperative tachycardia.,It rapidly slows the heart for a short time.,It has an ultra-short half-life because esterases break it down quickly.,It selectively blocks beta-1 adrenergic receptors.
Timolol,Beta Blockers,"Avoid this drug in asthma, COPD with bronchospasm, or heart block.","It can cause bronchospasm, slow heart rate, and eye irritation.",It is used as eye drops for glaucoma.,It lowers intraocular pressure.,It is a beta blocker commonly remembered for topical glaucoma treatment.,"It blocks beta receptors in the ciliary body, decreasing aqueous humor production."
Nadolol,Beta Blockers,"Avoid this drug in asthma, severe bradycardia, or heart block.","It can cause fatigue, bronchospasm, dizziness, and low heart rate.",It is used for hypertension and angina.,It lowers heart rate and blood pressure for a long duration.,It has a long half-life and is eliminated mainly by the kidneys.,It blocks beta-1 and beta-2 adrenergic receptors.
Nebivolol,Beta Blockers,Avoid this drug in severe bradycardia or heart block.,"It can cause headache, fatigue, dizziness, and low blood pressure.",It is used for hypertension and heart failure.,It lowers blood pressure and can improve blood vessel relaxation.,It increases nitric oxide release in addition to beta blockade.,It selectively blocks beta-1 receptors and promotes nitric oxide-mediated vasodilation.
Labetalol,Beta Blockers,"Avoid this drug in asthma, heart block, or severe bradycardia.","It can cause dizziness, fatigue, orthostatic hypotension, and scalp tingling.","It is used for hypertension, including hypertensive emergencies and pregnancy-related hypertension.",It lowers blood pressure without greatly reducing uterine blood flow.,It is a common beta blocker choice in pregnancy.,It blocks beta receptors and alpha-1 receptors.
Prazosin,Alpha Blockers,Use caution in patients prone to fainting from low blood pressure.,"It can cause first-dose syncope, dizziness, headache, and nasal congestion.",It is used for hypertension and urinary symptoms from benign prostatic hyperplasia.,It relaxes blood vessels and smooth muscle in the prostate and bladder neck.,It is the classic alpha blocker associated with first-dose syncope.,It selectively blocks alpha-1 adrenergic receptors.
Doxazosin,Alpha Blockers,Use caution in patients taking PDE5 inhibitors because severe low blood pressure can occur.,"It can cause dizziness, fatigue, swelling, and orthostatic hypotension.",It is used for hypertension and urinary symptoms from benign prostatic hyperplasia.,It lowers vascular tone and improves urine flow.,It has a longer duration than prazosin and is often taken once daily.,It blocks alpha-1 adrenergic receptors.
Terazosin,Alpha Blockers,Use caution in patients with orthostatic hypotension or syncope risk.,"It can cause dizziness, weakness, headache, and nasal congestion.",It is used for benign prostatic hyperplasia and sometimes hypertension.,It relaxes the prostate and lowers blood pressure.,It is another alpha-1 blocker used when urinary symptoms and blood pressure both matter.,It blocks alpha-1 adrenergic receptors.
Tamsulosin,Alpha Blockers,Use caution in patients with severe low blood pressure or sulfa allergy history.,"It can cause dizziness, abnormal ejaculation, runny nose, and orthostatic hypotension.",It is used for urinary symptoms from benign prostatic hyperplasia.,It improves urine flow with less blood pressure effect than older alpha blockers.,It is relatively selective for alpha-1A receptors in the prostate.,It blocks alpha-1A adrenergic receptors in the prostate and bladder neck.
Phenoxybenzamine,Alpha Blockers,Use caution because it can cause severe low blood pressure after the tumor is removed.,"It can cause orthostatic hypotension, reflex tachycardia, nasal congestion, and miosis.",It is used before surgery for pheochromocytoma.,It lowers blood pressure by relaxing blood vessels before catecholamine-secreting tumor removal.,It causes long-lasting irreversible alpha blockade.,It irreversibly blocks alpha-1 and alpha-2 adrenergic receptors.
Phentolamine,Alpha Blockers,Use caution in patients with coronary artery disease because reflex tachycardia can occur.,"It can cause tachycardia, arrhythmias, flushing, and nasal congestion.",It is used for hypertensive crises from catecholamine excess and for pheochromocytoma testing or treatment.,It rapidly relaxes blood vessels and lowers blood pressure.,It is a reversible alpha blocker with a shorter action than phenoxybenzamine.,It reversibly blocks alpha-1 and alpha-2 adrenergic receptors.
Clonidine,Central α2 Agonists,Avoid sudden stopping because rebound hypertension can be dangerous.,"It can cause dry mouth, sedation, constipation, and rebound hypertension.","It is used for hypertension, ADHD, opioid withdrawal symptoms, and some pain conditions.",It lowers sympathetic outflow and decreases blood pressure.,It can help withdrawal symptoms by calming autonomic overactivity.,"It stimulates central alpha-2 adrenergic receptors, reducing norepinephrine release."
Methyldopa,Central α2 Agonists,Use caution in active liver disease and monitor for hemolysis-like symptoms.,"It can cause sedation, dry mouth, depression, and Coombs-positive hemolytic anemia.",It is used for hypertension during pregnancy.,It lowers blood pressure by decreasing sympathetic tone.,It is one of the classic safe antihypertensive choices in pregnancy.,"It is converted to alpha-methylnorepinephrine, which stimulates central alpha-2 receptors."
Tizanidine,Central α2 Agonists,Avoid this drug with strong CYP1A2 inhibitors because toxicity can increase.,"It can cause sedation, dry mouth, low blood pressure, and weakness.",It is used for painful muscle spasticity.,It decreases muscle tone and spasms.,It is a centrally acting muscle relaxant that can also lower blood pressure.,It stimulates central alpha-2 adrenergic receptors to reduce motor neuron activity.
Lisinopril,ACE Inhibitors,"Avoid this drug in pregnancy, history of angioedema, or bilateral renal artery stenosis.","It can cause dry cough, high potassium, low blood pressure, kidney injury, and angioedema.","It is used for hypertension, heart failure, diabetic kidney protection, and post-heart attack remodeling.",It lowers blood pressure and reduces strain on the heart and kidneys.,It is a commonly prescribed once-daily ACE inhibitor.,"It inhibits angiotensin-converting enzyme, lowering angiotensin II and increasing bradykinin."
Captopril,ACE Inhibitors,"Avoid this drug in pregnancy, angioedema history, or bilateral renal artery stenosis.","It can cause cough, rash, taste changes, high potassium, and angioedema.","It is used for hypertension, heart failure, and kidney protection in diabetes.",It lowers blood pressure and decreases protein loss in urine.,It is notable for rash and altered taste because of its sulfhydryl group.,"It inhibits angiotensin-converting enzyme, decreasing angiotensin II formation."
Enalapril,ACE Inhibitors,Avoid this drug in pregnancy or bilateral renal artery stenosis.,"It can cause cough, dizziness, high potassium, kidney injury, and angioedema.","It is used for hypertension, heart failure, and diabetic kidney disease.",It reduces blood pressure and helps limit harmful heart remodeling.,It is a prodrug that is converted to an active form in the body.,It inhibits angiotensin-converting enzyme after conversion to its active metabolite.
Ramipril,ACE Inhibitors,"Avoid this drug in pregnancy, angioedema history, or bilateral renal artery stenosis.","It can cause cough, high potassium, dizziness, kidney injury, and angioedema.","It is used for hypertension, heart failure risk reduction, and vascular protection.",It lowers blood pressure and reduces cardiovascular risk in high-risk patients.,It is often remembered from trials showing vascular protection beyond simple blood pressure lowering.,"It inhibits angiotensin-converting enzyme, reducing angiotensin II and aldosterone."
Losartan,Angiotensin Receptor Blockers,Avoid this drug in pregnancy or bilateral renal artery stenosis.,"It can cause high potassium, dizziness, kidney injury, and rarely angioedema.","It is used for hypertension, diabetic kidney disease, and heart failure when ACE inhibitors are not tolerated.",It lowers blood pressure without usually causing cough.,It is the prototype angiotensin receptor blocker.,"It blocks angiotensin II type 1 receptors, reducing vasoconstriction and aldosterone release."
Valsartan,Angiotensin Receptor Blockers,Avoid this drug in pregnancy and bilateral renal artery stenosis.,"It can cause dizziness, high potassium, low blood pressure, and kidney injury.",It is used for hypertension and heart failure.,It relaxes blood vessels and reduces fluid-retaining hormone effects.,It is commonly used in heart failure when blocking angiotensin signaling is desired.,It blocks angiotensin II type 1 receptors.
Irbesartan,Angiotensin Receptor Blockers,Avoid this drug in pregnancy or severe kidney artery narrowing.,"It can cause high potassium, dizziness, fatigue, and kidney injury.",It is used for hypertension and diabetic kidney protection.,It lowers blood pressure and reduces pressure in the glomerulus.,It is often associated with diabetic nephropathy treatment.,"It blocks angiotensin II type 1 receptors, reducing aldosterone and vasoconstriction."
Hydralazine,Direct Vasodilators,Use caution in coronary artery disease or lupus history.,"It can cause headache, flushing, reflex tachycardia, fluid retention, and drug-induced lupus.",It is used for severe hypertension and heart failure when combined with nitrates.,It relaxes arteries and lowers afterload.,"It is associated with a lupus-like syndrome, especially in slow acetylators.","It directly relaxes arteriolar smooth muscle, likely by increasing nitric oxide signaling."
Minoxidil,Direct Vasodilators,"Use caution in patients with pericardial effusion, tachycardia, or fluid retention.","It can cause edema, reflex tachycardia, hypertrichosis, and pericardial effusion.",It is used for severe resistant hypertension and topically for hair loss.,It opens blood vessels and can stimulate hair growth.,It is famous for causing unwanted or desired hair growth.,It opens ATP-sensitive potassium channels in vascular smooth muscle.
Sodium Nitroprusside,Hypertensive Emergency Agents,Avoid prolonged use without monitoring because cyanide toxicity can occur.,"It can cause severe low blood pressure, cyanide toxicity, thiocyanate toxicity, and lactic acidosis.",It is used for hypertensive emergencies when rapid blood pressure control is needed.,It quickly relaxes both arteries and veins.,It requires close monitoring and is usually given by continuous IV infusion.,"It releases nitric oxide, increasing cGMP and causing arterial and venous vasodilation."
Fenoldopam,Hypertensive Emergency Agents,Avoid this drug in glaucoma or sulfite hypersensitivity.,"It can cause headache, flushing, reflex tachycardia, and increased eye pressure.","It is used for hypertensive emergencies, especially when kidney blood flow is a concern.",It lowers blood pressure while increasing renal blood flow and sodium excretion.,It is a dopamine-1 agonist used intravenously.,It stimulates dopamine-1 receptors in renal and peripheral vessels.
Amlodipine,Calcium Channel Blockers,Use caution in severe aortic stenosis or marked low blood pressure.,"It can cause ankle swelling, flushing, headache, and reflex tachycardia.",It is used for hypertension and chronic stable angina.,It relaxes blood vessels and lowers blood pressure.,It is a long-acting dihydropyridine with little direct effect on heart conduction.,It blocks L-type calcium channels in vascular smooth muscle.
Nifedipine,Calcium Channel Blockers,Use caution in severe aortic stenosis or unstable angina when immediate-release forms are used.,"It can cause headache, flushing, edema, and reflex tachycardia.",It is used for hypertension and vasospastic angina.,It relaxes arteries and lowers afterload.,It has more vasodilating effect than heart-slowing effect.,It blocks L-type calcium channels in vascular smooth muscle.
Verapamil,Calcium Channel Blockers,"Avoid this drug in heart failure with reduced ejection fraction, heart block, or severe bradycardia.","It can cause constipation, low heart rate, heart block, and worsening heart failure.","It is used for angina, hypertension, and rate control in supraventricular arrhythmias.",It slows heart conduction and lowers blood pressure.,It is the calcium channel blocker most associated with constipation.,It blocks L-type calcium channels in the heart and vascular smooth muscle.
Diltiazem,Calcium Channel Blockers,"Avoid this drug in severe bradycardia, heart block, or heart failure with reduced ejection fraction.","It can cause low heart rate, dizziness, edema, and heart block.","It is used for hypertension, angina, and rate control in atrial fibrillation or flutter.",It slows AV nodal conduction and relaxes blood vessels.,It has effects between verapamil and dihydropyridines on heart versus vessels.,It blocks L-type calcium channels in cardiac and vascular smooth muscle.
Nitroglycerin,Nitrates,Avoid this drug with PDE5 inhibitors or severe low blood pressure.,"It can cause headache, flushing, dizziness, reflex tachycardia, and methemoglobinemia.",It is used for acute angina relief and acute coronary syndromes.,It dilates veins more than arteries and reduces chest pain by lowering preload.,It works quickly under the tongue but develops tolerance with continuous use.,"It is converted to nitric oxide, increasing cGMP and causing vascular smooth muscle relaxation."
Isosorbide Mononitrate,Nitrates,Avoid this drug with PDE5 inhibitors or severe hypotension.,"It can cause headache, flushing, dizziness, and nitrate tolerance.",It is used to prevent chronic angina attacks.,It reduces preload and decreases cardiac oxygen demand.,It is the once-daily oral nitrate used mainly for prophylaxis.,"It releases nitric oxide, increasing cGMP in vascular smooth muscle."
Isosorbide Dinitrate,Nitrates,Avoid this drug with PDE5 inhibitors or marked low blood pressure.,"It can cause headache, flushing, dizziness, and reflex tachycardia.",It is used for chronic angina prevention and sometimes heart failure with hydralazine.,It dilates veins and lowers the workload of the heart.,It is metabolized into the mononitrate form and is often dosed more than once daily.,"It releases nitric oxide, increasing cGMP and causing vasodilation."
Furosemide,Loop Diuretics,Avoid this drug in severe sulfonamide allergy or profound dehydration.,"It can cause low potassium, dehydration, ototoxicity, gout, and sulfa reactions.","It is used for edema from heart failure, cirrhosis, kidney disease, and acute pulmonary edema.",It causes powerful salt and water loss and reduces fluid overload.,It is the classic high-ceiling diuretic used in acute pulmonary edema.,It inhibits the Na-K-2Cl cotransporter in the thick ascending limb of the loop of Henle.
Bumetanide,Loop Diuretics,"Use caution in sulfa allergy, dehydration, or severe electrolyte depletion.","It can cause low potassium, dehydration, ototoxicity, and high uric acid.",It is used for edema and volume overload.,It causes strong diuresis and reduces swelling.,It is more potent by milligram dose than furosemide.,It inhibits the Na-K-2Cl cotransporter in the thick ascending limb.
Hydrochlorothiazide (HCTZ),Thiazide Diuretics,"Use caution in sulfa allergy, gout, or severe kidney disease.","It can cause low potassium, high calcium, high uric acid, high glucose, and photosensitivity.","It is used for hypertension, mild edema, calcium kidney stone prevention, and nephrogenic diabetes insipidus.",It lowers blood pressure and increases salt and water excretion.,"It decreases urinary calcium loss, unlike loop diuretics.",It inhibits the Na-Cl cotransporter in the distal convoluted tubule.
Chlorthalidone,Thiazide Diuretics,"Use caution in sulfa allergy, gout, or severe electrolyte problems.","It can cause low potassium, low sodium, high uric acid, high glucose, and photosensitivity.",It is used for hypertension and edema.,It provides long-lasting blood pressure reduction.,It lasts longer than hydrochlorothiazide and is often stronger for hypertension.,It inhibits the Na-Cl cotransporter in the distal convoluted tubule.
Spironolactone,Potassium-Sparing Diuretics,Avoid this drug in high potassium states or significant kidney failure.,"It can cause hyperkalemia, gynecomastia, menstrual changes, and stomach upset.","It is used for heart failure, resistant hypertension, ascites, and hyperaldosteronism.",It helps the body lose sodium while keeping potassium.,It can cause endocrine side effects because it also blocks steroid receptors.,It antagonizes aldosterone receptors in the collecting duct.
Eplerenone,Potassium-Sparing Diuretics,Avoid this drug in high potassium states or severe kidney failure.,"It can cause hyperkalemia, dizziness, and kidney function changes.",It is used for heart failure and hyperaldosteronism-related hypertension.,It promotes sodium loss while conserving potassium.,It has fewer antiandrogen side effects than spironolactone.,It selectively antagonizes aldosterone receptors in the collecting duct.
Quinidine (IA),Class I (Sodium Channel Blockers),Avoid this drug in prolonged QT syndrome or complete heart block without pacing.,"It can cause cinchonism, diarrhea, thrombocytopenia, and torsades de pointes.",It is used for some atrial and ventricular arrhythmias.,It slows conduction and prolongs the refractory period.,"It is associated with cinchonism, which includes tinnitus and headache.","It blocks sodium channels and potassium channels, prolonging phase 0 and repolarization."
Procainamide (IA),Class I (Sodium Channel Blockers),"Use caution in lupus history, myasthenia gravis, or significant conduction disease.","It can cause drug-induced lupus, torsades de pointes, low blood pressure, and agranulocytosis.",It is used for atrial and ventricular arrhythmias and sometimes stable wide-complex tachycardia.,It slows abnormal electrical conduction and prolongs refractoriness.,It is a classic cause of drug-induced lupus.,It blocks sodium channels and also delays potassium-mediated repolarization.
Lidocaine (IB),Class I (Sodium Channel Blockers),Avoid this drug in severe heart block without pacing or allergy to amide anesthetics.,"It can cause neurologic symptoms such as confusion, tremor, seizures, and numbness.","It is used for ventricular arrhythmias, especially after myocardial infarction.",It suppresses abnormal ventricular automaticity.,It preferentially acts on ischemic or depolarized ventricular tissue.,It blocks inactivated sodium channels and shortens phase 3 repolarization.
Flecainide (IC),Class I (Sodium Channel Blockers),Avoid this drug in structural heart disease or prior myocardial infarction.,"It can cause proarrhythmia, dizziness, blurred vision, and heart failure worsening.",It is used for rhythm control in selected patients with atrial fibrillation.,It markedly slows cardiac conduction with little effect on repolarization.,It is dangerous after myocardial infarction because it can increase mortality.,"It strongly blocks sodium channels, slowing phase 0 depolarization."
Amiodarone,Class III (Potassium Channel Blockers),"Use caution in iodine allergy, thyroid disease, liver disease, or lung disease.","It can cause pulmonary fibrosis, thyroid dysfunction, liver injury, corneal deposits, and blue-gray skin.",It is used for atrial and ventricular arrhythmias.,It prolongs cardiac repolarization and helps maintain normal rhythm.,It contains iodine and has effects from multiple antiarrhythmic classes.,"It blocks potassium channels and also has sodium-channel, beta-blocking, and calcium-channel effects."
Sotalol,Class III (Potassium Channel Blockers),"Avoid this drug in asthma, severe bradycardia, or prolonged QT syndrome.","It can cause torsades de pointes, bradycardia, fatigue, and bronchospasm.",It is used for rhythm control in atrial and ventricular arrhythmias.,It slows the heart and prolongs repolarization.,It is both a beta blocker and a class III antiarrhythmic.,It blocks potassium channels and nonselectively blocks beta receptors.
Adenosine,Miscellaneous (Class V),"Use caution in asthma, heart block, or patients taking methylxanthines like theophylline.","It can cause flushing, chest pressure, shortness of breath, and a brief sense of doom.",It is used to terminate paroxysmal supraventricular tachycardia.,It briefly blocks AV nodal conduction.,It has an extremely short half-life and is given as a rapid IV push.,"It activates A1 receptors, increasing potassium efflux and decreasing calcium influx in the AV node."
Magnesium Sulfate,Miscellaneous (Class V),"Use caution in kidney failure, myasthenia gravis, or heart block.","It can cause flushing, low blood pressure, loss of reflexes, and respiratory depression at high levels.","It is used for torsades de pointes, eclampsia seizure prevention, and low magnesium states.",It stabilizes cardiac electrical activity and reduces uterine irritability.,It is the classic treatment for torsades even when magnesium level is normal.,It modulates ion movement and suppresses early afterdepolarizations that trigger torsades.
Atorvastatin,Statins,Avoid this drug in active liver disease or pregnancy.,"It can cause muscle pain, liver enzyme elevation, and rarely rhabdomyolysis.",It is used to lower LDL cholesterol and prevent cardiovascular events.,It lowers LDL and modestly lowers triglycerides.,It is a high-intensity statin with strong LDL-lowering ability.,"It inhibits HMG-CoA reductase, decreasing hepatic cholesterol synthesis and increasing LDL receptor expression."
Simvastatin,Statins,"Avoid this drug in pregnancy, active liver disease, or strong CYP3A4 inhibitor use.","It can cause muscle toxicity, liver enzyme elevation, and rare rhabdomyolysis.",It is used to lower LDL cholesterol and reduce cardiovascular risk.,It decreases LDL cholesterol and stabilizes atherosclerotic plaques.,It has important CYP3A4 interactions and grapefruit can increase toxicity risk.,"It inhibits HMG-CoA reductase, increasing hepatic LDL receptor expression."
Rosuvastatin,Statins,Avoid this drug in pregnancy or active liver disease.,"It can cause muscle pain, liver enzyme elevation, and rarely rhabdomyolysis.",It is used for high LDL cholesterol and cardiovascular risk reduction.,It strongly lowers LDL cholesterol.,It is a high-intensity statin with less CYP3A4 metabolism than simvastatin.,It inhibits HMG-CoA reductase in the liver.
Pravastatin,Statins,Avoid this drug in pregnancy or active liver disease.,"It can cause muscle pain and liver enzyme elevation, though interactions are fewer than with some statins.",It is used to lower LDL cholesterol and reduce cardiovascular risk.,It lowers LDL cholesterol.,It is relatively hydrophilic and has fewer CYP-mediated drug interactions.,"It inhibits HMG-CoA reductase, reducing cholesterol synthesis."
Ezetimibe,Cholesterol Absorption Inhibitors,Use caution in active liver disease or when combined with statins in high-risk patients.,"It can cause diarrhea, abdominal pain, and liver enzyme elevation.","It is used for high LDL cholesterol, often with a statin.",It lowers LDL by reducing intestinal cholesterol uptake.,It targets the brush border of the small intestine rather than cholesterol synthesis.,It inhibits the NPC1L1 cholesterol transporter in enterocytes.
Cholestyramine,Bile Acid Sequestrants,Avoid this drug in complete biliary obstruction or severe constipation.,"It can cause constipation, bloating, high triglycerides, and reduced absorption of other drugs.",It is used for high LDL cholesterol and itching from bile acid buildup.,It lowers LDL by increasing conversion of cholesterol into bile acids.,It can help treat pruritus from cholestasis because it binds bile acids in the gut.,"It binds bile acids in the intestine, preventing their reabsorption."
Colesevelam,Bile Acid Sequestrants,Avoid this drug in bowel obstruction or very high triglycerides.,"It can cause constipation, indigestion, and increased triglycerides.",It is used to lower LDL cholesterol and can be used in some patients with diabetes.,It lowers LDL without being absorbed into the bloodstream.,It has fewer drug interactions than older bile acid resins.,It binds bile acids in the intestine and interrupts enterohepatic recycling.
Gemfibrozil,Fibrates,Avoid this drug in severe liver or gallbladder disease.,"It can cause gallstones, muscle toxicity, stomach upset, and higher risk of myopathy with statins.",It is used mainly for severe hypertriglyceridemia.,It lowers triglycerides and can raise HDL.,It has a higher statin interaction risk than fenofibrate.,"It activates PPAR-alpha, increasing lipoprotein lipase activity and fatty acid oxidation."
Fenofibrate,Fibrates,"Avoid this drug in severe liver disease, gallbladder disease, or severe kidney disease.","It can cause gallstones, liver enzyme elevation, and muscle toxicity.",It is used for high triglycerides and mixed dyslipidemia.,It lowers triglycerides and modestly raises HDL.,It is often preferred over gemfibrozil when combined with a statin.,"It activates PPAR-alpha, increasing lipoprotein lipase activity."
Niacin (Vitamin B3),Niacin,"Avoid this drug in active liver disease, active peptic ulcer disease, or severe gout.","It can cause flushing, itching, liver toxicity, hyperglycemia, and hyperuricemia.","It is used for dyslipidemia, especially to lower triglycerides and raise HDL.",It lowers VLDL and triglycerides and raises HDL.,Its flushing can be reduced by taking aspirin before dosing.,It inhibits hepatic VLDL synthesis and decreases adipose tissue lipolysis.
Digoxin,Cardiac Glycosides,"Use caution in severe kidney disease, heart block, or low potassium states.","It can cause nausea, confusion, arrhythmias, and blurry yellow vision.",It is used for heart failure symptoms and rate control in atrial fibrillation.,It increases cardiac contractility and slows AV nodal conduction.,It has a narrow therapeutic index and toxicity is worsened by hypokalemia.,"It inhibits Na-K ATPase, increasing intracellular calcium and vagal tone."
Milrinone,Phosphodiesterase-3 Inhibitors,Avoid this drug in severe low blood pressure or serious ventricular arrhythmias.,"It can cause ventricular arrhythmias, low blood pressure, and headache.",It is used short term for acute decompensated heart failure and cardiogenic shock.,It increases cardiac output and lowers vascular resistance.,It is given intravenously and is useful when beta receptors are not responding well.,"It inhibits phosphodiesterase 3, increasing cAMP in cardiac and vascular smooth muscle cells."
Evolocumab,,Use caution in patients with latex allergy or severe hypersensitivity reactions.,"It can cause injection-site reactions, flu-like symptoms, and rarely allergic reactions.","It is used for very high LDL cholesterol, especially familial hypercholesterolemia.",It strongly lowers LDL cholesterol in the blood.,It is a monoclonal antibody that is injected every few weeks.,"It binds PCSK9, preventing LDL receptor breakdown and increasing LDL clearance."
Alirocumab,,Avoid this drug in patients with serious hypersensitivity to monoclonal antibodies.,"It can cause injection-site reactions, nasopharyngitis, and flu-like symptoms.",It is used for familial hypercholesterolemia and high LDL despite statin therapy.,It greatly reduces circulating LDL cholesterol.,It is given by subcutaneous injection rather than as a daily pill.,"It inhibits PCSK9, allowing more LDL receptors to remain on hepatocytes."
Icosapent Ethyl (Vascepa),,Use caution in patients with fish or shellfish allergy.,"It can cause joint pain, atrial fibrillation, and increased bleeding risk.",It is used to lower cardiovascular risk in patients with high triglycerides.,It lowers triglyceride-rich lipoproteins in the blood.,It is a purified EPA omega-3 product rather than a mixed fish-oil supplement.,It reduces hepatic VLDL-triglyceride synthesis and increases triglyceride clearance.
Sacubitril/Valsartan (Entresto),,"Avoid this drug in pregnancy, angioedema history, or use within 36 hours of an ACE inhibitor.","It can cause low blood pressure, high potassium, kidney injury, and angioedema.",It is used for chronic heart failure with reduced ejection fraction.,It lowers strain on the heart and improves heart failure outcomes.,It combines a neprilysin inhibitor with an angiotensin receptor blocker.,It inhibits neprilysin and blocks angiotensin II AT1 receptors.
Ivabradine,,Avoid this drug in acute decompensated heart failure or severe liver disease.,"It can cause slow heart rate, visual brightness, and atrial fibrillation.",It is used in selected patients with chronic heart failure and high resting heart rate.,It slows the heart without directly lowering contractility.,It is remembered for causing brief luminous visual phenomena.,"It blocks the funny current in the sinoatrial node, slowing pacemaker depolarization."
Ranolazine,,Avoid this drug in liver disease or when taking strong CYP3A inhibitors.,"It can cause dizziness, constipation, nausea, and QT prolongation.",It is used for chronic stable angina that persists despite other therapy.,It improves exercise tolerance without major changes in heart rate or blood pressure.,It is useful for angina but does not treat an acute attack.,"It inhibits late inward sodium current, reducing calcium overload in ischemic heart cells."
Nesiritide,,Avoid this drug in cardiogenic shock or very low blood pressure.,"It can cause low blood pressure, kidney dysfunction, and headache.",It is used for acutely decompensated heart failure with severe congestion.,It promotes salt and water loss while relaxing blood vessels.,It is a recombinant form of a natural cardiac peptide.,"It activates guanylyl cyclase through natriuretic peptide receptors, increasing cGMP."
Fluoxetine,SSRIs (Selective Serotonin Reuptake Inhibitors),Avoid this drug with monoamine oxidase inhibitors or in severe serotonin syndrome risk.,"It can cause sexual dysfunction, insomnia, nausea, and serotonin syndrome.","It is used for depression, obsessive-compulsive disorder, panic disorder, and bulimia.",It improves mood and reduces anxiety symptoms over weeks.,It has a long half-life and is less likely to cause discontinuation symptoms.,It selectively inhibits serotonin reuptake in the central nervous system.
Sertraline,SSRIs (Selective Serotonin Reuptake Inhibitors),Avoid this drug with monoamine oxidase inhibitors or linezolid.,"It can cause diarrhea, sexual dysfunction, insomnia, and serotonin syndrome.","It is used for depression, anxiety disorders, post-traumatic stress disorder, and obsessive-compulsive disorder.",It improves mood and decreases intrusive anxiety symptoms.,It is commonly chosen during pregnancy and breastfeeding compared with many alternatives.,It selectively blocks serotonin reuptake transporters.
Paroxetine,SSRIs (Selective Serotonin Reuptake Inhibitors),Avoid this drug with monoamine oxidase inhibitors or uncontrolled narrow-angle glaucoma.,"It can cause weight gain, sexual dysfunction, sedation, and withdrawal symptoms if stopped suddenly.","It is used for depression, anxiety disorders, panic disorder, and obsessive-compulsive disorder.",It reduces anxiety and depressive symptoms with continued use.,It has more anticholinergic and discontinuation effects than many similar drugs.,It selectively inhibits serotonin reuptake.
Citalopram,SSRIs (Selective Serotonin Reuptake Inhibitors),Avoid this drug with monoamine oxidase inhibitors or in patients at high risk for QT prolongation.,"It can cause nausea, sexual dysfunction, sleep changes, and dose-related QT prolongation.",It is used for major depression and anxiety disorders.,It improves mood and emotional symptoms over several weeks.,It has a notable dose limit because of QT interval concerns.,It selectively blocks serotonin reuptake transporters.
Escitalopram,SSRIs (Selective Serotonin Reuptake Inhibitors),Avoid this drug with monoamine oxidase inhibitors or active serotonin syndrome.,"It can cause nausea, sexual dysfunction, insomnia, and mild QT prolongation.",It is used for depression and generalized anxiety disorder.,It improves mood and decreases worry symptoms.,It is the S-enantiomer of a closely related antidepressant.,It selectively inhibits serotonin reuptake in presynaptic neurons.
Venlafaxine,SNRIs (Serotonin-Norepinephrine Reuptake Inhibitors),Avoid this drug with monoamine oxidase inhibitors or uncontrolled narrow-angle glaucoma.,"It can cause nausea, sweating, sexual dysfunction, high blood pressure, and serotonin syndrome.","It is used for depression, generalized anxiety disorder, panic disorder, and neuropathic pain.",It improves mood and can reduce pain signaling.,It is more likely to raise blood pressure at higher doses.,It inhibits serotonin and norepinephrine reuptake.
Duloxetine,SNRIs (Serotonin-Norepinephrine Reuptake Inhibitors),Avoid this drug in severe liver disease or heavy alcohol use.,"It can cause nausea, dry mouth, sleepiness, high blood pressure, and liver injury.","It is used for depression, generalized anxiety, diabetic neuropathy, and fibromyalgia.",It improves mood and decreases chronic nerve or muscle pain.,It is especially associated with treatment of diabetic neuropathic pain.,It inhibits serotonin and norepinephrine reuptake.
Bupropion,Atypical Antidepressants,Avoid this drug in seizure disorders or eating disorders.,"It can cause insomnia, dry mouth, anxiety, and seizures at high doses.",It is used for depression and smoking cessation.,It improves energy and reduces nicotine cravings.,It usually causes less sexual dysfunction than serotonergic antidepressants.,It inhibits norepinephrine and dopamine reuptake.
Mirtazapine,Atypical Antidepressants,"Use caution in patients with obesity, high cholesterol, or excessive daytime sedation.","It can cause sedation, increased appetite, weight gain, and dry mouth.","It is used for depression, especially when insomnia or poor appetite is present.",It improves sleep and increases appetite while treating mood symptoms.,It is known for being sedating and appetite stimulating.,It blocks alpha-2 receptors and blocks 5-HT2 and 5-HT3 receptors.
Lorazepam,Benzodiazepines,Avoid this drug with severe respiratory depression or acute narrow-angle glaucoma.,"It can cause sedation, confusion, falls, and respiratory depression.","It is used for anxiety, seizures, alcohol withdrawal, and procedural sedation.",It calms the patient and can stop seizures.,It has no active metabolites and is safer in liver disease than many similar drugs.,It enhances GABA-A receptor activity by increasing chloride channel opening frequency.
Diazepam,Benzodiazepines,Avoid this drug with severe respiratory depression or significant alcohol intoxication.,"It can cause sedation, impaired coordination, respiratory depression, and dependence.","It is used for anxiety, muscle spasms, seizures, and alcohol withdrawal.","It produces calming, anticonvulsant, and muscle-relaxing effects.",It is long acting and has active metabolites.,It enhances GABA-A receptor activity by increasing chloride channel opening frequency.
Alprazolam,Benzodiazepines,Avoid this drug with severe respiratory depression or strong sedative co-use.,"It can cause sedation, dependence, memory problems, and withdrawal symptoms.",It is used for panic disorder and short-term anxiety relief.,It quickly reduces panic and anxiety symptoms.,It has a high misuse risk because it acts quickly.,It potentiates GABA-A receptors by increasing chloride channel opening frequency.
Midazolam,Benzodiazepines,Avoid this drug in severe respiratory depression or shock without airway support.,"It can cause respiratory depression, low blood pressure, and amnesia.",It is used for procedural sedation and anesthesia induction.,It causes rapid sedation and anterograde amnesia.,It is very short acting and is commonly used before procedures.,It enhances GABA-A receptor activity by increasing chloride channel opening frequency.
Zolpidem,Non-Benzodiazepine Hypnotics,Avoid this drug with severe respiratory depression or complex sleep behaviors.,"It can cause sleepwalking, confusion, next-day drowsiness, and falls.",It is used for short-term insomnia with difficulty falling asleep.,It helps people fall asleep quickly.,It has less anxiolytic and muscle-relaxing effect than benzodiazepines.,"It binds the benzodiazepine site on GABA-A receptors, especially alpha-1 subunits."
Eszopiclone,Non-Benzodiazepine Hypnotics,Avoid this drug in patients with prior complex sleep behaviors.,"It can cause unpleasant taste, sleepwalking, sedation, and dizziness.",It is used for insomnia involving sleep onset and sleep maintenance.,It helps patients fall asleep and stay asleep longer.,It can be used longer than some other sleep drugs but still requires caution.,It binds the benzodiazepine site on GABA-A receptors.
Haloperidol,Typical Antipsychotics,Avoid this drug in Parkinson disease or severe central nervous system depression.,"It can cause extrapyramidal symptoms, neuroleptic malignant syndrome, QT prolongation, and hyperprolactinemia.","It is used for acute agitation, schizophrenia, and Tourette syndrome.",It decreases psychosis and severe agitation.,It has strong dopamine blockade with relatively little anticholinergic effect.,It blocks dopamine D2 receptors in the brain.
Chlorpromazine,Typical Antipsychotics,Avoid this drug in severe central nervous system depression or coma.,"It can cause sedation, low blood pressure, anticholinergic effects, and cholestatic jaundice.","It is used for psychosis, severe nausea, and hiccups.",It calms agitation and reduces dopamine-driven symptoms.,It has strong low-potency side effects such as sedation and orthostatic hypotension.,"It blocks dopamine D2 receptors and also blocks muscarinic, histamine, and alpha-1 receptors."
Risperidone,Atypical Antipsychotics,Use caution in dementia-related psychosis and seizure risk.,"It can cause weight gain, hyperprolactinemia, extrapyramidal symptoms, and sedation.","It is used for schizophrenia, bipolar disorder, and irritability in autism.","It reduces hallucinations, delusions, and mood instability.",It can raise prolactin more than many other atypical antipsychotics.,It blocks serotonin 5-HT2A receptors and dopamine D2 receptors.
Olanzapine,Atypical Antipsychotics,"Use caution in diabetes, obesity, and severe dyslipidemia.","It can cause major weight gain, metabolic syndrome, sedation, and anticholinergic effects.",It is used for schizophrenia and bipolar disorder.,It reduces psychosis and stabilizes mood.,It has a high metabolic side-effect burden among atypical antipsychotics.,It blocks serotonin 5-HT2A receptors and dopamine D2 receptors.
Quetiapine,Atypical Antipsychotics,Use caution in elderly patients with dementia-related psychosis.,"It can cause sedation, weight gain, orthostatic hypotension, and metabolic changes.","It is used for schizophrenia, bipolar disorder, and adjunctive depression treatment.",It reduces psychosis and helps stabilize mood while causing sedation.,It has relatively low extrapyramidal risk but is very sedating.,It blocks serotonin 5-HT2A receptors and dopamine D2 receptors.
Aripiprazole,Atypical Antipsychotics,Use caution in patients with impulse-control disorders or severe agitation.,"It can cause akathisia, insomnia, nausea, and impulse-control problems.","It is used for schizophrenia, bipolar disorder, and adjunctive depression therapy.",It stabilizes dopamine signaling and reduces psychosis.,It is a partial dopamine agonist rather than a pure dopamine blocker.,It partially agonizes dopamine D2 receptors and serotonin 5-HT1A receptors while blocking 5-HT2A receptors.
Propofol,Intravenous Anesthetics,Avoid this drug in allergy to egg or soy formulations when clinically relevant.,"It can cause respiratory depression, low blood pressure, and rare infusion syndrome.",It is used for induction and maintenance of anesthesia and ICU sedation.,It causes rapid unconsciousness and smooth recovery.,It is not an analgesic and commonly lowers blood pressure.,It potentiates GABA-A receptor activity.
Ketamine,Intravenous Anesthetics,"Use caution in schizophrenia, high blood pressure, or increased intracranial pressure concerns.","It can cause hallucinations, high blood pressure, fast heart rate, and increased secretions.","It is used for anesthesia and procedural sedation, especially when preserving airway reflexes is helpful.","It provides sedation, amnesia, and strong pain relief.",It can cause dissociative anesthesia with vivid emergence reactions.,It blocks NMDA glutamate receptors.
Phenytoin,Sodium Channel Blockers,"Avoid this drug in sinus bradycardia, heart block, or HLA-B*1502 risk without screening.","It can cause gum overgrowth, hirsutism, nystagmus, ataxia, and fetal hydantoin syndrome.","It is used for focal seizures, generalized tonic-clonic seizures, and status epilepticus after benzodiazepines.",It stabilizes neurons and prevents seizure spread.,"It has nonlinear metabolism, so small dose changes can cause large level changes.",It blocks voltage-gated sodium channels and prolongs the inactive state.
Carbamazepine,Sodium Channel Blockers,Avoid this drug in bone marrow suppression or HLA-B*1502 risk without screening.,"It can cause aplastic anemia, agranulocytosis, hyponatremia, and dizziness.","It is used for focal seizures, trigeminal neuralgia, and bipolar disorder.",It reduces nerve firing and relieves sharp facial pain.,It is a strong CYP450 inducer and can lower levels of many drugs.,It blocks voltage-gated sodium channels and stabilizes the inactive state.
Lamotrigine,Sodium Channel Blockers,Avoid starting this drug rapidly because serious rash risk increases.,"It can cause Stevens-Johnson syndrome, dizziness, headache, and diplopia.","It is used for focal seizures, generalized seizures, and bipolar depression.",It reduces seizure activity and helps prevent depressive mood episodes.,It is notable for mood-stabilizing benefit with relatively low weight gain.,It blocks voltage-gated sodium channels and decreases glutamate release.
Theophylline,Methylxanthines,Avoid this drug in uncontrolled arrhythmias or active seizure disorder.,"It can cause nausea, tremor, insomnia, seizures, and tachyarrhythmias.",It is used as an add-on therapy for asthma or COPD in selected patients.,It relaxes airway smooth muscle and stimulates breathing.,It has a narrow therapeutic index and many drug interactions.,It inhibits phosphodiesterase and antagonizes adenosine receptors.
Beclomethasone,Inhaled Corticosteroids,Use caution in untreated infections or frequent oral thrush.,"It can cause oral candidiasis, hoarseness, and throat irritation.",It is used as maintenance therapy for persistent asthma and allergic rhinitis.,It decreases airway inflammation and reduces asthma flare-ups.,It is inhaled for local anti-inflammatory effect with fewer systemic steroid effects.,It activates glucocorticoid receptors and suppresses inflammatory gene transcription.
Montelukast,Leukotriene Modifiers,Avoid this drug for acute asthma attacks because it will not work quickly.,"It can cause headache, abdominal pain, and rare mood or behavior changes.","It is used for asthma prevention, allergic rhinitis, and aspirin-exacerbated respiratory disease.",It reduces bronchospasm and mucus related to leukotrienes.,It is taken by mouth and is often used in children with allergy-triggered asthma.,It blocks cysteinyl leukotriene receptor 1.
Zileuton,Leukotriene Modifiers,Avoid this drug in active liver disease.,"It can cause liver enzyme elevation, headache, and stomach upset.",It is used for asthma prevention and aspirin-exacerbated respiratory disease.,It decreases leukotriene-driven airway inflammation.,It requires liver monitoring because hepatotoxicity is a key concern.,"It inhibits 5-lipoxygenase, reducing leukotriene synthesis."
Cromolyn Sodium,Mast Cell Stabilizers,Avoid this drug as rescue therapy during an acute bronchospasm attack.,"It can cause cough, throat irritation, and unpleasant taste.",It is used to prevent asthma symptoms and prevent exercise-induced bronchospasm.,It reduces allergic airway reactions before they occur.,It is most useful as prophylaxis rather than symptom relief.,It stabilizes mast cells and prevents mediator release.
Omalizumab,Targeted Biologics,Avoid this drug in patients with severe hypersensitivity to biologic therapy.,"It can cause injection-site reactions, anaphylaxis, and headache.",It is used for allergic asthma and chronic spontaneous urticaria.,It reduces allergic inflammation and asthma exacerbations.,It is used when IgE-mediated disease remains uncontrolled despite standard therapy.,It binds free IgE and prevents IgE from binding Fc-epsilon receptors on mast cells and basophils.
N-Acetylcysteine,Mucolytics,Use caution in patients prone to bronchospasm when inhaled.,"It can cause nausea, vomiting, rash, and an unpleasant sulfur smell.",It is used to loosen mucus and to treat acetaminophen overdose.,It thins respiratory secretions and restores glutathione stores.,It is both a mucolytic and the key antidote for acetaminophen toxicity.,It breaks disulfide bonds in mucus and replenishes hepatic glutathione.
Dornase Alfa,Mucolytics,Avoid this drug in patients with hypersensitivity to hamster ovary cell products.,"It can cause voice changes, rash, sore throat, and laryngitis.",It is used in cystic fibrosis to reduce thick airway secretions.,It makes sputum less viscous and easier to clear.,It digests DNA from dead neutrophils in cystic fibrosis mucus.,It is recombinant DNase that cleaves extracellular DNA in airway secretions.
Levalbuterol,Short-Acting Beta-2 Agonists (SABA),Use caution in patients with serious tachyarrhythmias.,"It can cause tremor, fast heart rate, nervousness, and low potassium.",It is used for quick relief of bronchospasm in asthma and COPD.,It rapidly opens the airways and improves wheezing.,It is the R-enantiomer of a common short-acting bronchodilator.,"It stimulates beta-2 receptors, increasing cAMP in bronchial smooth muscle."
Aclidinium,Long-Acting Anticholinergics (LAMA),Avoid this drug in severe hypersensitivity to inhaled anticholinergic drugs.,"It can cause dry mouth, headache, cough, and urinary retention.",It is used as maintenance therapy for COPD.,It keeps airways relaxed and reduces COPD symptoms over time.,It is a long-acting inhaled muscarinic blocker usually dosed twice daily.,"It blocks muscarinic receptors, especially M3 receptors, in bronchial smooth muscle."
Fluticasone,Inhaled Corticosteroids,Use caution in untreated infections or frequent oral candidiasis.,"It can cause oral thrush, hoarse voice, and throat irritation.",It is used for asthma and COPD inflammation control.,It reduces airway swelling and lowers exacerbation risk.,It is often combined with a long-acting beta agonist in inhalers.,It activates glucocorticoid receptors and decreases inflammatory cytokine production.
Budesonide,Inhaled Corticosteroids,Use caution in active infections or frequent oral thrush.,"It can cause oral candidiasis, hoarseness, cough, and throat irritation.","It is used for persistent asthma, COPD, and sometimes inflammatory bowel disease in other forms.",It lowers airway inflammation and reduces wheezing attacks.,It has formulations designed for high first-pass metabolism and fewer systemic effects.,It activates glucocorticoid receptors and suppresses inflammatory transcription.
Fluticasone/Salmeterol,ICS/LABA Combinations,Avoid this drug as sole therapy for an acute asthma attack.,"It can cause oral thrush, hoarseness, tremor, and fast heart rate.",It is used for maintenance treatment of asthma and COPD.,It reduces inflammation while keeping airways open for many hours.,It pairs a steroid with a long-acting bronchodilator in one inhaler.,It activates glucocorticoid receptors and stimulates beta-2 receptors in bronchial smooth muscle.
Budesonide/Formoterol,ICS/LABA Combinations,Avoid using this drug as the only rescue plan unless the prescribed regimen allows it.,"It can cause oral thrush, hoarseness, tremor, and palpitations.",It is used for asthma maintenance and COPD control.,It reduces airway inflammation and provides long-acting bronchodilation.,It contains a faster-onset long-acting beta agonist than many similar combinations.,It activates glucocorticoid receptors and stimulates beta-2 receptors.
Dextromethorphan,Antitussives,Avoid this drug with monoamine oxidase inhibitors or high serotonin syndrome risk.,"It can cause dizziness, confusion, sedation, and serotonin syndrome when combined with serotonergic drugs.","It is used to suppress a dry, nonproductive cough.",It decreases the urge to cough.,It can be abused at high doses for dissociative effects.,It acts centrally to raise the cough threshold and also antagonizes NMDA receptors at high doses.
Benzonatate,Antitussives,Avoid this drug in children younger than ten years because overdose can be fatal.,"It can cause numb mouth, sedation, dizziness, and bronchospasm if chewed.",It is used to relieve cough.,It numbs airway stretch receptors and reduces cough reflex signaling.,It must be swallowed whole because chewing can numb the mouth and throat.,It anesthetizes pulmonary stretch receptors through local sodium channel blockade.
Guaifenesin,Expectorants,Use caution in patients who cannot clear secretions well.,"It can cause nausea, vomiting, dizziness, and sleepiness.",It is used to help clear mucus in productive cough.,It makes mucus thinner and easier to cough up.,It is an expectorant rather than a true cough suppressant.,"It increases respiratory tract fluid, lowering mucus viscosity."
Umeclidinium,,Avoid this drug in severe hypersensitivity to anticholinergic inhalers.,"It can cause dry mouth, sore throat, cough, and urinary retention.",It is used as maintenance therapy for COPD.,It relaxes airways for a full day and reduces COPD symptoms.,It is available in once-daily inhaler combinations for COPD.,"It blocks muscarinic receptors, especially M3 receptors, in bronchial smooth muscle."
Roflumilast,,Avoid this drug in moderate or severe liver impairment.,"It can cause weight loss, diarrhea, nausea, insomnia, and mood changes.",It is used to reduce COPD exacerbations in severe chronic bronchitis.,It decreases airway inflammation and lowers flare frequency.,It is taken by mouth and is not a bronchodilator for immediate relief.,"It inhibits phosphodiesterase 4, increasing cAMP and reducing inflammatory cell activity."
Mepolizumab,,Avoid this drug in patients with hypersensitivity to monoclonal antibodies.,"It can cause headache, injection-site reactions, back pain, and herpes zoster infection.",It is used for severe eosinophilic asthma.,It lowers eosinophil activity and reduces asthma exacerbations.,It targets an interleukin pathway rather than directly opening the airways.,"It binds interleukin-5, reducing eosinophil growth and survival."
Penicillin G,Penicillins,Avoid this drug in severe penicillin allergy.,"It can cause allergic reactions, seizures at high levels, and hemolytic anemia.","It is used for syphilis, streptococcal infections, and some gram-positive infections.",It kills susceptible bacteria by weakening their cell wall.,It is the classic treatment for syphilis.,It binds penicillin-binding proteins and inhibits bacterial cell-wall cross-linking.
Amoxicillin,Penicillins,Avoid this drug in serious penicillin allergy.,"It can cause rash, diarrhea, allergic reactions, and C. difficile infection.","It is used for otitis media, sinusitis, pneumonia, and H. pylori regimens.",It kills susceptible respiratory and gastrointestinal bacteria.,It is an oral aminopenicillin with broader gram-negative coverage than narrow penicillins.,It binds penicillin-binding proteins and blocks peptidoglycan cross-linking.
Nafcillin,Penicillins,Avoid this drug in severe penicillin allergy.,"It can cause interstitial nephritis, neutropenia, allergic reactions, and liver enzyme elevation.",It is used for methicillin-sensitive Staphylococcus aureus infections.,It kills penicillinase-producing staphylococci.,It is resistant to staphylococcal beta-lactamase but not MRSA resistance.,It binds penicillin-binding proteins and inhibits bacterial cell-wall synthesis.
Cefazolin (1st gen),Cephalosporins,Avoid this drug in severe cephalosporin allergy.,"It can cause allergic reactions, diarrhea, and rarely C. difficile infection.",It is used for surgical prophylaxis and skin infections caused by susceptible bacteria.,It kills many gram-positive organisms and some gram-negative organisms.,It is commonly given before surgery to prevent wound infection.,It binds penicillin-binding proteins and inhibits peptidoglycan cross-linking.
Ceftriaxone (3rd gen),Cephalosporins,Avoid this drug in severe cephalosporin allergy.,"It can cause biliary sludging, diarrhea, allergic reactions, and C. difficile infection.","It is used for meningitis, gonorrhea, Lyme disease complications, and severe pneumonia.",It kills susceptible gram-negative and some gram-positive bacteria.,It can be dosed once daily and is useful for gonorrhea treatment.,It binds penicillin-binding proteins and inhibits bacterial cell-wall synthesis.
Cefepime (4th gen),Cephalosporins,Avoid this drug in severe cephalosporin allergy.,"It can cause neurotoxicity, seizures, diarrhea, and allergic reactions.","It is used for severe hospital infections, including Pseudomonas coverage.",It kills resistant gram-negative bacteria and some gram-positive bacteria.,It has strong Pseudomonas activity and is often used for neutropenic fever.,It binds penicillin-binding proteins and inhibits peptidoglycan cross-linking.
Imipenem/Cilastatin,Carbapenems,Avoid this drug in carbapenem allergy or patients at high seizure risk when alternatives exist.,"It can cause seizures, nausea, diarrhea, and allergic reactions.",It is used for severe polymicrobial and resistant bacterial infections.,"It kills many gram-positive, gram-negative, and anaerobic bacteria.",It is paired with a renal dehydropeptidase inhibitor to prevent drug breakdown.,It binds penicillin-binding proteins and inhibits bacterial cell-wall synthesis.
Meropenem,Carbapenems,Avoid this drug in severe carbapenem allergy.,"It can cause diarrhea, nausea, rash, and seizures less often than some related drugs.","It is used for severe resistant gram-negative, anaerobic, and polymicrobial infections.",It provides very broad bacterial killing.,It is often preferred when seizure risk is a concern among carbapenems.,It binds penicillin-binding proteins and inhibits bacterial cell-wall synthesis.
Aztreonam,Monobactams,Avoid this drug in severe beta-lactam allergy to this agent.,"It can cause rash, liver enzyme elevation, and gastrointestinal upset.","It is used for aerobic gram-negative infections, including Pseudomonas, especially in beta-lactam allergy.",It kills susceptible aerobic gram-negative bacteria.,It has minimal cross-reactivity with most penicillin allergies except a shared side chain with one cephalosporin.,It binds penicillin-binding proteins and inhibits bacterial cell-wall synthesis.
Vancomycin,Glycopeptides,Avoid this drug in severe hypersensitivity to glycopeptides.,"It can cause red man syndrome, kidney injury, ototoxicity, and neutropenia.",It is used for MRSA infections and oral treatment of C. difficile colitis.,It kills gram-positive bacteria by preventing strong cell-wall formation.,It must be taken orally for C. difficile because IV therapy does not reach the gut lumen well.,It binds D-Ala-D-Ala termini and blocks peptidoglycan polymerization.
Daptomycin,Lipopeptides,Avoid this drug for pneumonia because lung surfactant inactivates it.,"It can cause muscle toxicity, eosinophilic pneumonia, and elevated creatine kinase.",It is used for MRSA bacteremia and complicated skin infections.,It rapidly kills gram-positive bacteria by damaging their membranes.,It is useful for bloodstream infection but not lung infection.,It inserts into bacterial membranes and causes potassium efflux and depolarization.
Gentamicin,Aminoglycosides,Avoid this drug in significant aminoglycoside hypersensitivity.,"It can cause kidney injury, hearing loss, vestibular toxicity, and neuromuscular blockade.",It is used for severe gram-negative infections and synergy with beta-lactams.,It kills aerobic gram-negative bacteria quickly.,"It requires oxygen-dependent uptake, so it does not work against anaerobes.",It irreversibly binds the 30S ribosomal subunit and causes misreading of mRNA.
Tobramycin,Aminoglycosides,Avoid this drug in aminoglycoside allergy or severe kidney risk when alternatives exist.,"It can cause nephrotoxicity, ototoxicity, and neuromuscular blockade.","It is used for serious gram-negative infections, including Pseudomonas.",It rapidly kills aerobic gram-negative organisms.,It is often used in hospital infections where Pseudomonas coverage is needed.,It irreversibly binds the 30S ribosomal subunit and disrupts protein synthesis.
Amikacin,Aminoglycosides,Avoid this drug in aminoglycoside allergy and use caution in kidney disease.,"It can cause kidney injury, hearing loss, vestibular toxicity, and neuromuscular blockade.",It is used for resistant gram-negative infections and some mycobacterial infections.,It kills aerobic gram-negative bacteria.,It is designed to resist many aminoglycoside-inactivating enzymes.,It irreversibly binds the 30S ribosomal subunit and causes faulty protein translation.
Streptomycin,Aminoglycosides,Avoid this drug in significant aminoglycoside allergy.,"It can cause ototoxicity, nephrotoxicity, and vestibular damage.","It is used for tuberculosis, plague, tularemia, and some enterococcal synergy regimens.",It kills susceptible aerobic bacteria and mycobacteria.,It is one of the older agents historically used for tuberculosis.,It irreversibly binds the 30S ribosomal subunit and disrupts protein synthesis.
Azithromycin,Macrolides,Avoid this drug in severe macrolide allergy or significant QT prolongation.,"It can cause diarrhea, QT prolongation, liver injury, and hearing changes.","It is used for atypical pneumonia, chlamydia, and respiratory infections.",It stops bacterial growth and decreases atypical respiratory infection symptoms.,It has fewer CYP interactions than older macrolides.,It binds the 50S ribosomal subunit and blocks translocation.
Clarithromycin,Macrolides,Avoid this drug in severe macrolide allergy or strong QT risk.,"It can cause metallic taste, gastrointestinal upset, QT prolongation, and CYP drug interactions.","It is used for H. pylori regimens, atypical pneumonia, and some respiratory infections.",It slows bacterial growth and helps eradicate H. pylori when combined with other drugs.,It is a strong CYP3A4 inhibitor and has a classic metallic taste.,It binds the 50S ribosomal subunit and inhibits translocation.
Erythromycin,Macrolides,Avoid this drug in significant QT prolongation or severe macrolide allergy.,"It can cause gastrointestinal motility, QT prolongation, cholestatic hepatitis, and drug interactions.",It is used for atypical respiratory infections and as a prokinetic in some settings.,It inhibits bacterial growth and can increase gut motility.,"It strongly stimulates motilin receptors, which explains its GI effects.",It binds the 50S ribosomal subunit and blocks translocation.
Doxycycline,Tetracyclines,Avoid this drug in pregnancy and in children with developing teeth.,"It can cause photosensitivity, tooth discoloration, esophagitis, and stomach upset.","It is used for rickettsial disease, Lyme disease, chlamydia, acne, and atypical infections.",It stops bacterial growth and treats many intracellular infections.,It is the classic treatment for Rocky Mountain spotted fever.,It binds the 30S ribosomal subunit and prevents aminoacyl-tRNA attachment.
Minocycline,Tetracyclines,Avoid this drug in pregnancy and young children because of tooth and bone effects.,"It can cause dizziness, skin discoloration, photosensitivity, and lupus-like reactions.",It is used for acne and some tetracycline-susceptible infections.,It decreases bacterial protein production and reduces acne inflammation.,It is more vestibulotoxic than many related drugs.,It binds the 30S ribosomal subunit and blocks aminoacyl-tRNA binding.
Tetracycline,Tetracyclines,Avoid this drug in pregnancy and in children with developing teeth.,"It can cause photosensitivity, tooth discoloration, bone growth effects, and gastrointestinal upset.","It is used for acne, atypical infections, and some zoonotic infections.",It stops bacterial growth by slowing protein production.,"It chelates calcium and should not be taken with milk, antacids, or iron.",It binds the 30S ribosomal subunit and prevents aminoacyl-tRNA attachment.
Chloramphenicol,Chloramphenicol,"Avoid this drug in neonates, pregnancy near delivery, or severe bone marrow disease.","It can cause aplastic anemia, gray baby syndrome, and bone marrow suppression.",It is used rarely for serious infections when safer options are unsuitable.,It stops bacterial growth by blocking protein synthesis.,It is remembered for rare but severe aplastic anemia.,It binds the 50S ribosomal subunit and inhibits peptidyl transferase.
Clindamycin,Lincosamides,Use caution in patients with prior C. difficile infection.,"It can cause diarrhea, C. difficile colitis, rash, and liver enzyme elevation.","It is used for anaerobic infections above the diaphragm, dental infections, and skin infections.",It suppresses anaerobic bacterial growth and toxin production.,It is strongly associated with antibiotic-associated pseudomembranous colitis.,It binds the 50S ribosomal subunit and inhibits translocation.
Linezolid,Oxazolidinones,Avoid this drug with serotonergic drugs or tyramine-rich intake when risk is high.,"It can cause thrombocytopenia, peripheral neuropathy, optic neuropathy, and serotonin syndrome.",It is used for MRSA and VRE infections.,It stops resistant gram-positive bacteria from making proteins.,It has weak monoamine oxidase inhibitor activity.,It binds the 23S rRNA of the 50S subunit and prevents formation of the initiation complex.
Ciprofloxacin,Fluoroquinolones,Avoid this drug in pregnancy and in patients with tendon disorder risk when possible.,"It can cause tendon rupture, QT prolongation, neuropathy, and cartilage toxicity.","It is used for gram-negative infections, urinary infections, anthrax exposure, and some GI infections.",It kills bacteria and has strong urinary and Pseudomonas activity.,It is a fluoroquinolone with strong gram-negative coverage but weaker pneumococcal coverage.,It inhibits bacterial DNA gyrase and topoisomerase IV.
Levofloxacin,Fluoroquinolones,"Avoid this drug in pregnancy, children, and patients at high tendon rupture risk when possible.","It can cause tendon rupture, QT prolongation, neuropathy, and dysglycemia.","It is used for pneumonia, sinusitis, urinary infections, and some gram-negative infections.",It kills respiratory and urinary pathogens.,It is a respiratory fluoroquinolone with better pneumococcal coverage than ciprofloxacin.,It inhibits bacterial DNA gyrase and topoisomerase IV.
Moxifloxacin,Fluoroquinolones,"Avoid this drug in pregnancy, children, or patients with significant QT prolongation when possible.","It can cause QT prolongation, tendon rupture, neuropathy, and liver injury.",It is used for community-acquired pneumonia and anaerobic respiratory infections.,It kills respiratory pathogens and some anaerobes.,"It has poor urinary levels, so it is not preferred for urinary tract infections.",It inhibits bacterial DNA gyrase and topoisomerase IV.
Metronidazole,Metronidazole,Avoid this drug with alcohol use because of a disulfiram-like reaction.,"It can cause metallic taste, peripheral neuropathy, nausea, and dark urine.","It is used for anaerobic infections, bacterial vaginosis, trichomoniasis, giardiasis, and C. difficile in some settings.",It kills anaerobes and certain protozoa.,It is especially useful against below-the-diaphragm anaerobes and trichomonads.,It forms free radicals that damage microbial DNA.
Sulfamethoxazole,Sulfonamides,Avoid this drug in severe sulfa allergy and near-term pregnancy when possible.,"It can cause rash, photosensitivity, hemolysis in G6PD deficiency, and Stevens-Johnson syndrome.","It is used with another folate inhibitor for urinary, respiratory, and opportunistic infections.",It stops bacterial growth by impairing folate production.,It is rarely used alone because resistance develops easily.,It inhibits dihydropteroate synthase by competing with PABA.
Trimethoprim-Sulfamethoxazole,Trimethoprim,"Avoid this drug in severe sulfa allergy, megaloblastic anemia, or near-term pregnancy when possible.","It can cause rash, hyperkalemia, kidney injury, hemolysis in G6PD deficiency, and Stevens-Johnson syndrome.","It is used for urinary tract infections, Pneumocystis pneumonia, Nocardia, and some MRSA skin infections.",It blocks bacterial folate synthesis at two steps and becomes bactericidal.,It is the classic prophylaxis and treatment option for Pneumocystis pneumonia.,It inhibits dihydropteroate synthase and dihydrofolate reductase.
Amphotericin B,Polyenes,Use caution in kidney disease and avoid if severe infusion reactions cannot be managed.,"It can cause kidney injury, low potassium, low magnesium, fever, chills, and anemia.",It is used for severe systemic fungal infections.,It kills fungi by disrupting their cell membranes.,"It is very broad but famously toxic, especially to the kidneys.",It binds ergosterol and forms pores in fungal cell membranes.
Nystatin,Polyenes,Avoid this drug in systemic fungal infection because it is not absorbed well orally.,"It can cause local irritation, nausea, and diarrhea.","It is used for oral, skin, and vaginal Candida infections.",It kills or suppresses Candida at mucosal surfaces.,"It is used topically or orally for local gut and mouth effects, not bloodstream infections.",It binds ergosterol and forms pores in fungal cell membranes.
Fluconazole,Azoles,Avoid this drug in pregnancy and severe liver disease when possible.,"It can cause liver injury, QT prolongation, rash, and gastrointestinal upset.",It is used for Candida infections and cryptococcal meningitis maintenance therapy.,It slows fungal growth by weakening the fungal cell membrane.,It penetrates cerebrospinal fluid well compared with many azoles.,"It inhibits fungal 14-alpha-demethylase, decreasing ergosterol synthesis."
Itraconazole,Azoles,Avoid this drug in heart failure and significant liver disease when possible.,"It can cause liver injury, edema, high blood pressure, and drug interactions.","It is used for endemic fungal infections, dermatophytes, and some Candida infections.",It slows fungal growth by impairing membrane formation.,It has a negative inotropic effect and can worsen heart failure.,"It inhibits fungal 14-alpha-demethylase, decreasing ergosterol synthesis."
Voriconazole,Azoles,Avoid this drug in pregnancy and use caution in liver disease.,"It can cause visual disturbances, hallucinations, liver injury, photosensitivity, and QT prolongation.",It is used for invasive aspergillosis and serious mold infections.,It slows fungal growth and treats invasive mold disease.,It is especially associated with transient visual changes.,"It inhibits fungal 14-alpha-demethylase, decreasing ergosterol synthesis."
Caspofungin,Echinocandins,Avoid this drug in severe hypersensitivity to echinocandins.,"It can cause fever, liver enzyme elevation, histamine-like infusion reactions, and phlebitis.",It is used for invasive Candida infections and salvage therapy for Aspergillus.,It weakens the fungal cell wall and prevents fungal growth.,It targets the fungal cell wall rather than the fungal membrane.,"It inhibits beta-1,3-D-glucan synthase in the fungal cell wall."
Acyclovir,Nucleoside Analogs,Use dose adjustment in kidney disease and maintain hydration when needed.,"It can cause kidney crystal injury, nausea, headache, and neurotoxicity.",It is used for herpes simplex virus and varicella-zoster virus infections.,It shortens herpes outbreaks and decreases viral replication.,"It requires activation by viral thymidine kinase, so infected cells are targeted.",It is phosphorylated by viral thymidine kinase and inhibits viral DNA polymerase.
Ganciclovir,Nucleoside Analogs,Avoid this drug in severe bone marrow suppression when alternatives exist.,"It can cause neutropenia, anemia, kidney injury, and teratogenicity.","It is used for cytomegalovirus infections, especially in immunocompromised patients.",It suppresses CMV replication and protects organs such as the retina.,It has more bone marrow toxicity than many herpes antivirals.,It is phosphorylated by viral kinase and inhibits viral DNA polymerase.
Ribavirin,Nucleoside Analogs,Avoid this drug in pregnancy when possible because of teratogenic concern.,"It can cause hemolytic anemia, rash, fatigue, and birth defects.",It is used for respiratory syncytial virus in select cases and some viral hemorrhagic fevers.,It interferes with viral RNA production.,It is remembered for hemolytic anemia and major teratogenicity.,It inhibits viral RNA synthesis by interfering with guanosine nucleotide formation and RNA polymerase activity.
Oseltamivir,Neuraminidase Inhibitors,Use caution in kidney disease and neuropsychiatric history.,"It can cause nausea, vomiting, headache, and rare confusion or abnormal behavior.",It is used to treat and prevent influenza A and B.,It shortens flu symptoms if started early.,It is taken by mouth and is most useful within 48 hours of symptom onset.,"It inhibits viral neuraminidase, preventing release of new influenza virions."
Zanamivir,Neuraminidase Inhibitors,Avoid this drug in asthma or COPD because it can cause bronchospasm.,"It can cause cough, bronchospasm, nasal irritation, and headache.",It is used to treat and prevent influenza A and B.,It limits spread of influenza virus in the airways.,"It is inhaled, which is why airway disease is a key concern.","It inhibits viral neuraminidase, blocking release of new influenza virions."
Chloroquine,Quinoline Antimalarials,"Avoid this drug in psoriasis, retinal disease, or severe G6PD deficiency when possible.","It can cause retinopathy, itching, gastrointestinal upset, and hemolysis in G6PD deficiency.",It is used for malaria treatment and prophylaxis in sensitive regions.,It kills blood-stage parasites and improves malaria symptoms.,"Resistance is widespread, so it only works in selected geographic areas.",It blocks heme polymerization in the parasite food vacuole.
Quinine,Quinoline Antimalarials,"Use caution in pregnancy, G6PD deficiency, and heart rhythm disorders.","It can cause cinchonism, hypoglycemia, hemolysis, and QT prolongation.",It is used for severe malaria when appropriate alternatives are unavailable.,It kills blood-stage malaria parasites.,"It is associated with tinnitus, headache, and visual symptoms called cinchonism.",It interferes with heme detoxification in the parasite food vacuole.
Hydroxychloroquine,Quinoline Antimalarials,Avoid this drug in retinal disease or known hypersensitivity.,"It can cause retinopathy, cardiomyopathy, skin pigmentation changes, and gastrointestinal upset.","It is used for lupus, rheumatoid arthritis, and some malaria prevention or treatment.",It decreases autoimmune inflammation and can help control joint and skin symptoms.,It requires eye screening because retinal toxicity can be irreversible.,It increases lysosomal pH and interferes with antigen processing and toll-like receptor signaling.
Rifampin,First-Line Anti-TB Agents,Avoid this drug with many interacting drugs unless monitored closely.,"It can cause orange body fluids, liver injury, drug interactions, and flu-like symptoms.","It is used for tuberculosis, meningococcal exposure prophylaxis, and some staphylococcal infections.",It kills mycobacteria and reduces contagious bacterial carriage.,It is a strong inducer of CYP450 enzymes and turns secretions orange.,It inhibits DNA-dependent RNA polymerase in bacteria.
Isoniazid,First-Line Anti-TB Agents,Avoid this drug in severe active liver disease.,"It can cause hepatitis, peripheral neuropathy, seizures, and drug-induced lupus.",It is used for active and latent tuberculosis.,It kills actively dividing mycobacteria and prevents progression of latent infection.,It is paired with vitamin B6 to reduce neuropathy risk.,It inhibits mycolic acid synthesis after activation by mycobacterial catalase-peroxidase.
Ethambutol,First-Line Anti-TB Agents,This drug should be avoided or used carefully in patients who cannot report vision changes.,It can cause optic neuritis with decreased visual acuity and red-green color blindness.,It is used as part of combination treatment for active tuberculosis.,It helps stop tuberculosis bacteria from building a strong outer cell wall.,Vision testing is important while taking this tuberculosis drug.,"Inhibits arabinosyltransferase, which decreases mycobacterial cell wall arabinogalactan synthesis."
Pyrazinamide,First-Line Anti-TB Agents,This drug should be avoided in severe liver disease and used carefully in patients with gout.,It can cause hepatotoxicity and hyperuricemia.,It is used as part of initial combination treatment for active tuberculosis.,It helps shorten the total length of tuberculosis treatment.,"It works best in acidic environments, such as inside infected macrophages.",Disrupts mycobacterial membrane energetics after conversion to pyrazinoic acid.
Tigecycline,,This drug should generally be avoided in pregnancy and in young children because of tooth and bone effects.,"It can cause nausea, vomiting, and photosensitivity.","It is used for complicated skin, soft tissue, and intra-abdominal infections caused by resistant bacteria.",It slows bacterial growth and helps control difficult mixed infections.,"It is a glycylcycline that can cover many resistant organisms, including MRSA and VRE.",Binds the 30S ribosomal subunit and blocks aminoacyl-tRNA entry into the A site.
Colistin (Polymyxin E),,This drug should be used carefully in patients with kidney disease.,It can cause nephrotoxicity and neurotoxicity.,It is used for serious infections caused by multidrug-resistant gram-negative rods.,It damages bacterial outer membranes and can rapidly kill susceptible bacteria.,It is often reserved as a last-line option for highly resistant gram-negative infections.,Binds bacterial cell membrane phospholipids and disrupts membrane integrity.
Fosfomycin,,This drug is not used for pyelonephritis or severe systemic infection.,"It can cause diarrhea, nausea, and headache.",It is used as a single-dose treatment for uncomplicated lower urinary tract infection.,It lowers bacterial growth in the bladder.,A single oral dose is a common feature for uncomplicated cystitis.,"Inhibits MurA, blocking an early step in peptidoglycan cell wall synthesis."
Fidaxomicin,Macrolides,This drug is not useful for infections outside the gut because it has minimal systemic absorption.,"It can cause nausea, abdominal pain, and gastrointestinal bleeding.",It is used to treat Clostridioides difficile infection.,It reduces diarrheal illness while causing less disruption of normal gut flora.,It has a lower recurrence risk than many older treatments for C. difficile.,Inhibits bacterial RNA polymerase sigma-dependent transcription.
Insulin Lispro,Insulin,This drug should be held or reduced when a patient is hypoglycemic or not eating.,It can cause hypoglycemia and weight gain.,It is used for mealtime glucose control in diabetes mellitus.,It quickly lowers blood glucose after meals.,It acts very fast and is usually given right before eating.,Activates insulin receptors to increase glucose uptake and decrease hepatic glucose production.
Insulin Regular,Insulin,This drug should be used carefully during hypoglycemia and when meals are delayed.,It can cause hypoglycemia and hypokalemia.,It is used for diabetes mellitus and can be given IV in diabetic ketoacidosis.,It lowers blood glucose and shifts potassium into cells.,It is the short-acting insulin that can be given intravenously.,Activates insulin receptors to increase glucose uptake and drive potassium into cells.
Insulin NPH,Insulin,This drug should be used carefully in patients with irregular food intake.,It can cause delayed hypoglycemia and weight gain.,It is used for intermediate basal glucose control in diabetes mellitus.,It lowers blood glucose over several hours between meals or overnight.,It has a cloudy appearance because it is mixed with protamine.,Activates insulin receptors to increase peripheral glucose uptake and reduce hepatic glucose output.
Insulin Glargine,Insulin,This drug should not be mixed in the same syringe with other insulins.,It can cause hypoglycemia and injection-site reactions.,It is used for long-acting basal glucose control in diabetes mellitus.,It provides steady glucose lowering over about a full day.,"It has little to no peak, which lowers the risk of sudden peak-related hypoglycemia.",Activates insulin receptors to increase glucose uptake and suppress hepatic glucose production.
Metformin,Biguanides,This drug should be avoided in severe kidney disease and acute metabolic acidosis.,It can cause gastrointestinal upset and rare lactic acidosis.,It is used as first-line treatment for type 2 diabetes mellitus.,It lowers blood glucose without usually causing hypoglycemia by itself.,It is weight-neutral or may cause mild weight loss.,Activates AMPK and decreases hepatic gluconeogenesis while improving insulin sensitivity.
Glipizide,Sulfonylureas,This drug should be used carefully in patients at high risk for hypoglycemia.,It can cause hypoglycemia and weight gain.,It is used to treat type 2 diabetes mellitus when insulin secretion is still present.,It lowers blood glucose by increasing insulin release from the pancreas.,"It is shorter acting than some other drugs in its class, which can reduce prolonged hypoglycemia risk.",Closes ATP-sensitive potassium channels on pancreatic beta cells to increase insulin secretion.
Glyburide,Sulfonylureas,This drug should be avoided or used carefully in older adults and kidney disease.,It can cause prolonged hypoglycemia and weight gain.,It is used to treat type 2 diabetes mellitus.,It lowers blood glucose by increasing pancreatic insulin release.,It has a higher risk of prolonged hypoglycemia than many similar agents.,Closes ATP-sensitive potassium channels on pancreatic beta cells to increase insulin secretion.
Glimepiride,Sulfonylureas,This drug should be used carefully in patients who skip meals.,It can cause hypoglycemia and weight gain.,It is used to treat type 2 diabetes mellitus.,It lowers blood sugar by making beta cells release more insulin.,It is often taken once daily because it has a longer duration of action.,Closes ATP-sensitive potassium channels on pancreatic beta cells to increase insulin secretion.
Repaglinide,Meglitinides,This drug should be skipped when a meal is skipped.,It can cause hypoglycemia and weight gain.,It is used for post-meal glucose spikes in type 2 diabetes mellitus.,It quickly increases insulin release around mealtime.,It has a short duration and is taken before meals.,Closes ATP-sensitive potassium channels on pancreatic beta cells to increase insulin secretion.
Nateglinide,Meglitinides,This drug should not be taken when a meal is missed.,"It can cause hypoglycemia, though usually less severe than longer-acting secretagogues.",It is used to reduce post-meal hyperglycemia in type 2 diabetes mellitus.,It causes a brief burst of insulin release after meals.,It has a rapid onset and short action for meal-time glucose control.,Closes ATP-sensitive potassium channels on pancreatic beta cells to increase insulin secretion.
Pioglitazone,Thiazolidinediones,This drug should be avoided in symptomatic heart failure.,"It can cause weight gain, edema, and increased fracture risk.",It is used to improve insulin resistance in type 2 diabetes mellitus.,It makes fat and muscle tissues respond better to insulin.,It may improve some lipid markers compared with another similar drug.,Activates PPAR-gamma to increase insulin sensitivity and alter glucose and lipid metabolism.
Rosiglitazone,Thiazolidinediones,This drug should be avoided in symptomatic heart failure.,"It can cause edema, weight gain, and increased fracture risk.",It is used to treat type 2 diabetes mellitus with insulin resistance.,It improves the body's response to insulin over days to weeks.,It has had more concern for cardiovascular risk than some similar drugs.,Activates PPAR-gamma to increase insulin sensitivity and alter glucose and lipid metabolism.
Sitagliptin,DPP-4 Inhibitors,This drug should be used carefully in patients with kidney impairment.,"It can cause nasopharyngitis, headache, and rarely pancreatitis.",It is used to treat type 2 diabetes mellitus.,It improves meal-related insulin release and reduces glucagon levels.,It is weight-neutral and has a low risk of hypoglycemia when used alone.,"Inhibits DPP-4, increasing endogenous GLP-1 and GIP activity."
Linagliptin,DPP-4 Inhibitors,This drug is useful when kidney dose adjustment is undesirable.,"It can cause nasopharyngitis, cough, and rarely pancreatitis.",It is used to treat type 2 diabetes mellitus.,It increases meal-related insulin release without usually causing weight gain.,"It is mainly cleared through the bile, so kidney adjustment is usually not needed.","Inhibits DPP-4, increasing endogenous GLP-1 and GIP activity."
Exenatide,GLP-1 Receptor Agonists,This drug should be avoided in patients with a history of medullary thyroid carcinoma or MEN2.,"It can cause nausea, vomiting, weight loss, and rarely pancreatitis.",It is used to treat type 2 diabetes mellitus and can help with weight loss.,It slows gastric emptying and increases fullness after meals.,It was originally derived from a peptide found in Gila monster saliva.,Activates GLP-1 receptors to increase glucose-dependent insulin secretion and decrease glucagon.
Liraglutide,GLP-1 Receptor Agonists,This drug should be avoided in patients with medullary thyroid carcinoma or MEN2.,"It can cause nausea, vomiting, weight loss, and rarely pancreatitis.",It is used for type 2 diabetes mellitus and chronic weight management.,It lowers appetite and improves glucose control after meals.,It is given once daily and has an obesity indication at a higher dose.,Activates GLP-1 receptors to increase glucose-dependent insulin secretion and decrease glucagon.
Empagliflozin,SGLT2 Inhibitors,This drug should be avoided in severe kidney impairment and used carefully during ketoacidosis risk.,"It can cause genital mycotic infections, volume depletion, and euglycemic ketoacidosis.",It is used for type 2 diabetes mellitus and can benefit heart failure and kidney outcomes.,It makes the body lose glucose and water in the urine.,It has strong evidence for cardiovascular mortality benefit in high-risk patients.,"Inhibits SGLT2 in the proximal tubule, decreasing renal glucose reabsorption."
Canagliflozin,SGLT2 Inhibitors,This drug should be avoided in severe kidney impairment and used carefully in patients prone to dehydration.,"It can cause genital mycotic infections, volume depletion, and euglycemic ketoacidosis.",It is used for type 2 diabetes mellitus and diabetic kidney disease risk reduction.,It lowers blood glucose by increasing urinary glucose loss.,It has been associated with concern for lower-limb amputation risk in some studies.,"Inhibits SGLT2 in the proximal tubule, decreasing renal glucose reabsorption."
Pramlintide,Amylin Analogs,This drug should not be used in patients with poor adherence to insulin monitoring.,It can cause nausea and severe hypoglycemia when combined with insulin.,It is used as an adjunct for mealtime glucose control in diabetes mellitus.,It slows stomach emptying and reduces post-meal glucose spikes.,It is an injectable amylin analog used with insulin rather than replacing it.,"Activates amylin receptors to slow gastric emptying, suppress glucagon, and increase satiety."
Acarbose,Alpha-Glucosidase Inhibitors,This drug should be avoided in inflammatory bowel disease or intestinal obstruction.,"It can cause flatulence, diarrhea, and abdominal discomfort.",It is used to reduce post-meal glucose rises in type 2 diabetes mellitus.,It slows carbohydrate absorption from the intestine.,It must be taken with the first bite of a meal.,Inhibits intestinal brush-border alpha-glucosidase enzymes.
Miglitol,Alpha-Glucosidase Inhibitors,This drug should be avoided in significant gastrointestinal disease or intestinal obstruction.,"It can cause gas, bloating, and diarrhea.",It is used to reduce post-meal hyperglycemia in type 2 diabetes mellitus.,It slows the breakdown and absorption of complex carbohydrates.,It is taken at the start of meals to blunt glucose spikes.,Inhibits intestinal brush-border alpha-glucosidase enzymes.
Levothyroxine,Thyroid Hormones,This drug should be started carefully in older patients or patients with coronary artery disease.,"Too much can cause palpitations, heat intolerance, and bone loss.",It is used to treat hypothyroidism and myxedema coma.,It raises metabolic activity and restores normal thyroid hormone levels.,It is a synthetic T4 with a long half-life and once-daily dosing.,"Provides T4, which is converted to T3 and activates nuclear thyroid hormone receptors."
Liothyronine,Thyroid Hormones,This drug should be used carefully in patients with cardiac disease because it acts quickly.,"Too much can cause tachycardia, anxiety, and heat intolerance.","It is used when rapid thyroid hormone effect is needed, such as severe hypothyroidism.",It quickly increases metabolic rate and cardiovascular stimulation.,It is synthetic T3 and acts faster than T4 preparations.,"Provides T3, which directly activates nuclear thyroid hormone receptors."
Methimazole,Antithyroid Agents,This drug is avoided in the first trimester of pregnancy when possible.,"It can cause agranulocytosis, rash, and hepatotoxicity.",It is used to treat hyperthyroidism and Graves disease.,It lowers thyroid hormone production over time.,It is usually preferred outside the first trimester because it has less liver toxicity than PTU.,"Inhibits thyroid peroxidase, blocking organification and coupling of iodotyrosines."
Propylthiouracil,Antithyroid Agents,This drug is used carefully because severe liver injury can occur.,"It can cause hepatotoxicity, agranulocytosis, and rash.",It is used for thyroid storm and for hyperthyroidism during the first trimester of pregnancy.,It lowers thyroid hormone levels and reduces peripheral T3 formation.,It is preferred in thyroid storm because it also blocks T4-to-T3 conversion.,Inhibits thyroid peroxidase and inhibits peripheral 5'-deiodinase conversion of T4 to T3.
Prednisone,Glucocorticoids,This drug should be used carefully in active systemic infection unless steroid therapy is needed.,"It can cause hyperglycemia, weight gain, osteoporosis, and adrenal suppression.","It is used for inflammation, autoimmune disease, asthma exacerbations, and many allergic conditions.","It reduces swelling, immune activation, and inflammatory symptoms.",It is an oral prodrug converted by the liver to an active steroid.,Binds intracellular glucocorticoid receptors and changes gene transcription to suppress inflammation.
Dexamethasone,Glucocorticoids,This drug should be used carefully in uncontrolled infection or severe hyperglycemia.,"It can cause hyperglycemia, mood changes, muscle wasting, and adrenal suppression.","It is used for cerebral edema, severe inflammation, and endocrine suppression testing.",It strongly reduces inflammation with very little salt-retaining effect.,It is long acting and has minimal mineralocorticoid activity.,Binds intracellular glucocorticoid receptors and changes gene transcription to suppress inflammation.
Fludrocortisone,Mineralocorticoids,This drug should be used carefully in patients with heart failure or uncontrolled hypertension.,"It can cause edema, hypertension, and hypokalemia.",It is used for adrenal insufficiency and some forms of orthostatic hypotension.,It increases blood volume and helps retain sodium.,It has strong mineralocorticoid activity compared with most steroids.,"Activates mineralocorticoid receptors, increasing sodium reabsorption and potassium excretion."
Semaglutide,,This drug should be avoided in patients with medullary thyroid carcinoma or MEN2.,"It can cause nausea, vomiting, weight loss, and rarely pancreatitis.",It is used for type 2 diabetes mellitus and chronic weight management.,"It lowers appetite, slows gastric emptying, and improves glucose control.",It can be dosed once weekly and produces substantial weight loss in many patients.,Activates GLP-1 receptors to increase glucose-dependent insulin secretion and decrease glucagon.
Dulaglutide,,This drug should be avoided in patients with medullary thyroid carcinoma or MEN2.,"It can cause nausea, vomiting, diarrhea, and rarely pancreatitis.",It is used to treat type 2 diabetes mellitus.,It improves blood glucose control and increases fullness after meals.,It is a once-weekly injectable GLP-1 option.,Activates GLP-1 receptors to increase glucose-dependent insulin secretion and decrease glucagon.
Dapagliflozin,SGLT2 Inhibitors,This drug should be avoided in severe kidney impairment and used carefully during dehydration.,"It can cause genital mycotic infections, urinary infections, and euglycemic ketoacidosis.","It is used for type 2 diabetes mellitus, heart failure, and chronic kidney disease benefit.",It causes glucose and water loss in the urine.,It is commonly used for heart failure benefit even beyond glucose lowering.,"Inhibits SGLT2 in the proximal tubule, decreasing renal glucose reabsorption."
Saxagliptin,,This drug should be used carefully in patients with heart failure risk.,"It can cause nasopharyngitis, headache, and rarely pancreatitis.",It is used to treat type 2 diabetes mellitus.,It increases meal-related insulin release and lowers glucagon.,It has had more heart failure hospitalization concern than some related drugs.,"Inhibits DPP-4, increasing endogenous GLP-1 and GIP activity."
Propranolol (for Thyroid Storm),Beta-Blockers,"This drug should be avoided in severe asthma, certain heart blocks, and decompensated heart failure.","It can cause bradycardia, hypotension, bronchospasm, and fatigue.",It is used to control adrenergic symptoms in thyroid storm.,It slows the heart rate and reduces tremor and anxiety.,"At high doses, it also reduces peripheral conversion of T4 to T3.",Blocks beta-1 and beta-2 adrenergic receptors and decreases T4-to-T3 conversion at high doses.
Bromocriptine,Dopamine Agonists,This drug should be avoided in uncontrolled hypertension and used carefully in psychosis.,"It can cause nausea, orthostatic hypotension, and headaches.","It is used for hyperprolactinemia, prolactinoma, and Parkinson disease.",It lowers prolactin release and can improve galactorrhea or infertility from high prolactin.,It is an older ergot-derived dopamine agonist.,"Activates dopamine D2 receptors, which suppresses prolactin secretion."
Cabergoline,Dopamine Agonists,This drug should be avoided in uncontrolled hypertension and significant valvular heart disease.,"It can cause nausea, dizziness, and orthostatic hypotension.",It is used for hyperprolactinemia and prolactin-secreting pituitary tumors.,It lowers prolactin levels and can shrink prolactinomas.,It is long acting and often needs less frequent dosing than bromocriptine.,"Activates dopamine D2 receptors, which suppresses prolactin secretion."
Raloxifene,,This drug should be avoided in patients with active or prior venous thromboembolism.,It can cause hot flashes and venous thromboembolism.,It is used to prevent or treat osteoporosis in postmenopausal women and reduce breast cancer risk.,It strengthens bone while blocking estrogen effects in breast tissue.,It does not stimulate the endometrium like some estrogen agonists can.,Selectively modulates estrogen receptors as an agonist in bone and antagonist in breast and uterus.
Teriparatide,,This drug should be avoided in patients at increased risk for osteosarcoma.,"It can cause hypercalcemia, nausea, and leg cramps.",It is used for severe osteoporosis with high fracture risk.,It builds new bone and increases bone mineral density.,It is an anabolic osteoporosis drug given intermittently rather than continuously.,"Intermittently activates PTH receptors, stimulating osteoblast activity more than osteoclast activity."
Omeprazole,Proton Pump Inhibitors,This drug should be used carefully in patients at risk for C. difficile infection or low magnesium.,"It can cause headache, diarrhea, hypomagnesemia, and increased fracture risk with long use.","It is used for GERD, peptic ulcer disease, and H. pylori regimens.",It strongly lowers stomach acid production.,It is a classic acid-suppressing drug with many CYP2C19 interactions.,Irreversibly inhibits the gastric parietal cell H+/K+-ATPase proton pump.
Pantoprazole,Proton Pump Inhibitors,This drug should be used carefully when long-term acid suppression is not needed.,"It can cause diarrhea, low magnesium, and increased risk of C. difficile infection.","It is used for GERD, ulcers, and stress ulcer prophylaxis in hospitalized patients.",It strongly reduces gastric acid secretion.,It is often chosen in hospitals and has fewer CYP interactions than omeprazole.,Irreversibly inhibits the gastric parietal cell H+/K+-ATPase proton pump.
Esomeprazole,Proton Pump Inhibitors,This drug should be used carefully when prolonged acid suppression could cause harm.,"It can cause headache, diarrhea, hypomagnesemia, and vitamin B12 deficiency with long use.",It is used for GERD and erosive esophagitis.,It decreases stomach acid and helps heal acid-related mucosal injury.,It is the S-isomer of omeprazole.,Irreversibly inhibits the gastric parietal cell H+/K+-ATPase proton pump.
Ranitidine,H2 Receptor Antagonists,This drug should be avoided if a safer available alternative is preferred due to prior contamination concerns.,"It can cause headache, dizziness, and diarrhea.",It was used for GERD and peptic ulcer disease.,It lowers stomach acid less strongly than proton pump inhibitors.,It was widely used historically but has been withdrawn in many markets.,"Blocks H2 receptors on gastric parietal cells, decreasing acid secretion."
Famotidine,H2 Receptor Antagonists,This drug should be dose-adjusted in significant kidney impairment.,"It can cause headache, dizziness, and constipation or diarrhea.","It is used for GERD, dyspepsia, and peptic ulcer disease.","It decreases stomach acid production, especially overnight.",It has fewer antiandrogen and CYP effects than cimetidine.,"Blocks H2 receptors on gastric parietal cells, decreasing acid secretion."
Cimetidine,H2 Receptor Antagonists,This drug should be used carefully in patients taking many CYP-metabolized medications.,"It can cause gynecomastia, impotence, confusion, and drug interactions.",It is used for GERD and peptic ulcer disease.,It decreases gastric acid secretion.,It is known for antiandrogen effects and strong CYP inhibition.,"Blocks H2 receptors on gastric parietal cells, decreasing acid secretion."
Aluminum Hydroxide,Antacids,This drug should be used carefully in kidney disease because aluminum can accumulate.,It can cause constipation and hypophosphatemia.,"It is used for heartburn, dyspepsia, and phosphate binding in kidney disease.",It neutralizes stomach acid and can bind phosphate in the gut.,"It tends to constipate, unlike magnesium-containing antacids.",Chemically neutralizes gastric acid and binds intestinal phosphate.
Magnesium Hydroxide,Antacids,This drug should be used carefully in kidney disease because it can accumulate.,It can cause diarrhea and hypermagnesemia.,It is used for heartburn and constipation.,It neutralizes stomach acid and draws water into the bowel.,"It commonly causes diarrhea, which is the opposite of aluminum-containing antacids.",Chemically neutralizes gastric acid and osmotically retains water in the intestine.
Metoclopramide,Prokinetic Agents,This drug should be avoided in bowel obstruction and Parkinson disease when possible.,"It can cause acute dystonia, parkinsonism, and tardive dyskinesia.",It is used for gastroparesis and nausea or vomiting.,It increases stomach emptying and improves forward movement through the upper GI tract.,It crosses the blood-brain barrier and can cause extrapyramidal symptoms.,Blocks dopamine D2 receptors and increases cholinergic activity in the GI tract.
Domperidone,Prokinetic Agents,This drug should be avoided in patients with prolonged QT interval or serious arrhythmia risk.,It can cause QT prolongation and hyperprolactinemia.,It is used for gastroparesis and nausea in some settings.,It increases gastric motility with fewer central nervous system effects.,It poorly crosses the blood-brain barrier compared with metoclopramide.,"Blocks peripheral dopamine D2 receptors, increasing GI motility and antiemetic effects."
Loperamide,Antidiarrheals,"This drug should be avoided in bloody diarrhea, high fever, or suspected C. difficile colitis.","It can cause constipation, abdominal cramps, and toxic megacolon in infectious colitis.",It is used for symptomatic treatment of noninvasive diarrhea.,It slows intestinal movement and reduces stool frequency.,It acts mainly in the gut and has minimal central opioid effect at normal doses.,Activates peripheral mu-opioid receptors in the gut to reduce intestinal motility.
Diphenoxylate/Atropine,Antidiarrheals,This drug should be avoided in infectious or inflammatory diarrhea with systemic symptoms.,"It can cause constipation, sedation, and anticholinergic effects.",It is used for symptomatic treatment of diarrhea.,It slows bowel movement and decreases stool output.,Atropine is added to discourage abuse and overdose.,"Activates intestinal mu-opioid receptors to reduce motility, while atropine adds anticholinergic effects."
Psyllium,Laxatives,This drug should be avoided in bowel obstruction or trouble swallowing without enough water.,"It can cause bloating, gas, and choking if taken dry.",It is used for constipation and can help with irritable bowel syndrome stool regulation.,It increases stool bulk and helps stool pass more easily.,It is a bulk-forming fiber that must be taken with adequate fluid.,Absorbs water in the intestine to form a bulky gel that stimulates peristalsis.
Docusate,Laxatives,This drug should not be used when bowel obstruction is suspected.,It can cause mild abdominal cramping and diarrhea.,It is used to prevent constipation when straining should be avoided.,It softens stool and makes bowel movements easier.,"It is a stool softener, not a strong stimulant laxative.",Acts as a surfactant that allows water and fat to enter stool.
Senna,Laxatives,This drug should be avoided in bowel obstruction or undiagnosed severe abdominal pain.,"It can cause abdominal cramping, diarrhea, and electrolyte loss.",It is used for short-term treatment of constipation.,It stimulates bowel contractions to produce a bowel movement.,It is a stimulant laxative that commonly causes cramping.,Stimulates enteric nerves and increases colonic peristalsis.
Mesalamine,Aminosalicylates,This drug should be used carefully in kidney disease.,"It can cause headache, nausea, and rare interstitial nephritis.",It is used to treat mild to moderate ulcerative colitis.,It reduces inflammation in the intestinal lining.,It acts topically in the colon and has fewer systemic effects than steroids.,Inhibits inflammatory prostaglandin and leukotriene production in the intestinal mucosa.
Infliximab,Biologic Agents,This drug should not be started in active serious infection or untreated latent tuberculosis.,"It can cause infusion reactions, infections, and reactivation of tuberculosis.","It is used for Crohn disease, ulcerative colitis, rheumatoid arthritis, and other inflammatory diseases.",It reduces immune-driven inflammation and can heal fistulas in Crohn disease.,It is a chimeric monoclonal antibody given by IV infusion.,Binds and neutralizes TNF-alpha.
Octreotide,Somatostatin Analogs,This drug should be used carefully in patients with gallbladder disease or diabetes.,"It can cause gallstones, steatorrhea, and glucose abnormalities.","It is used for acromegaly, variceal bleeding, carcinoid syndrome, and VIPoma.",It decreases many hormone secretions and reduces splanchnic blood flow.,It is a long-acting somatostatin analog used in several endocrine and GI emergencies.,"Activates somatostatin receptors to inhibit secretion of GH, TSH, insulin, glucagon, VIP, and other peptides."
Lactulose,Ammonia-Lowering Agents,This drug should be used carefully if diarrhea or dehydration is already present.,"It can cause bloating, cramps, flatulence, and diarrhea.",It is used for hepatic encephalopathy and constipation.,It traps ammonia in the gut and increases its removal in stool.,The dose is often titrated to produce multiple soft stools per day.,"Acidifies colonic contents, converting ammonia to ammonium and promoting osmotic catharsis."
Rifaximin,Ammonia-Lowering Agents,This drug is not useful for systemic infections because it is minimally absorbed.,"It can cause nausea, abdominal pain, and peripheral edema.",It is used for hepatic encephalopathy prevention and traveler diarrhea from noninvasive E. coli.,It lowers gut bacterial production of ammonia and toxins.,"It stays mostly in the gut, which limits systemic toxicity.",Inhibits bacterial DNA-dependent RNA polymerase in the intestinal lumen.
Ondansetron,,This drug should be used carefully in patients with prolonged QT interval.,"It can cause headache, constipation, and QT prolongation.","It is used for nausea and vomiting, especially after chemotherapy, radiation, or surgery.",It reduces the urge to vomit without causing much sedation.,It is especially helpful for serotonin-mediated nausea from chemotherapy.,Blocks 5-HT3 serotonin receptors in the chemoreceptor trigger zone and vagal afferents.
Lubiprostone,,This drug should not be used in known or suspected mechanical bowel obstruction.,"It can cause nausea, diarrhea, and abdominal pain.",It is used for chronic idiopathic constipation and constipation-predominant irritable bowel syndrome.,It increases intestinal fluid and makes stool easier to pass.,It is a chloride channel activator used for constipation rather than acute diarrhea.,"Activates intestinal ClC-2 chloride channels, increasing chloride-rich fluid secretion."
"Ursodeoxycholic Acid (UDCA, Ursodiol)",,This drug is not used for calcified gallstones or complete biliary obstruction.,It can cause diarrhea and mild weight gain.,It is used for primary biliary cholangitis and some cholesterol gallstones.,It makes bile less toxic and can slowly dissolve cholesterol stones.,It is a hydrophilic bile acid that protects cholangiocytes.,Replaces more toxic bile acids and decreases hepatic cholesterol secretion into bile.
Misoprostol,Prostaglandin Analogs,This drug is contraindicated in pregnancy when used for ulcer prevention.,"It can cause diarrhea, abdominal cramping, and uterine contractions.",It is used to prevent NSAID-induced ulcers and to induce uterine evacuation in obstetric care.,It protects the stomach lining and can soften the cervix.,It is a prostaglandin E1 analog with both GI and uterine effects.,Activates prostaglandin EP receptors to increase mucus and bicarbonate and decrease gastric acid secretion.
Ibuprofen,NSAIDs,"This drug should be avoided in active peptic ulcer bleeding, severe kidney disease, and late pregnancy.","It can cause gastritis, kidney injury, and increased bleeding risk.","It is used for pain, fever, and inflammation.","It reduces pain, swelling, and fever.",It is a common over-the-counter NSAID with a relatively short duration.,"Reversibly inhibits COX-1 and COX-2, decreasing prostaglandin synthesis."
Naproxen,NSAIDs,"This drug should be avoided in active GI bleeding, severe kidney disease, and late pregnancy.","It can cause ulcers, kidney injury, and fluid retention.","It is used for pain, fever, dysmenorrhea, gout flares, and inflammatory arthritis.",It reduces inflammation and provides longer pain relief than many similar drugs.,"It has a longer half-life than ibuprofen, allowing less frequent dosing.","Reversibly inhibits COX-1 and COX-2, decreasing prostaglandin synthesis."
Celecoxib,NSAIDs,This drug should be avoided in sulfonamide allergy and high cardiovascular risk when possible.,"It can cause kidney injury, edema, and increased thrombotic cardiovascular risk.","It is used for osteoarthritis, rheumatoid arthritis, and pain with lower GI ulcer risk.",It reduces pain and inflammation with less platelet effect.,It selectively targets COX-2 and has less GI toxicity than nonselective NSAIDs.,"Selectively inhibits COX-2, decreasing inflammatory prostaglandin synthesis."
Acetaminophen,Acetaminophen,This drug should be avoided or limited in severe liver disease or heavy alcohol use.,Overdose can cause severe hepatic necrosis.,It is used for pain and fever but not strong inflammation.,It lowers fever and relieves mild to moderate pain.,It has little anti-inflammatory effect and does not impair platelets like NSAIDs.,"Inhibits central prostaglandin synthesis, likely through CNS COX inhibition."
Morphine,Opioid Analgesics,This drug should be used carefully in respiratory depression and severe hypotension.,"It can cause respiratory depression, constipation, miosis, and histamine release.",It is used for severe pain and pain from myocardial infarction or cancer.,It decreases pain perception and can cause sedation and euphoria.,It commonly causes histamine-related itching and hypotension.,"Activates mu-opioid receptors, decreasing neurotransmitter release and ascending pain transmission."
Codeine,Opioid Analgesics,This drug should be avoided in children after tonsillectomy or in known ultrarapid CYP2D6 metabolizers.,"It can cause sedation, constipation, respiratory depression, and nausea.",It is used for mild pain and cough suppression.,It reduces cough and provides weak opioid pain relief.,It is a prodrug that depends on CYP2D6 conversion for much of its effect.,"Is converted to morphine, which activates mu-opioid receptors."
Oxycodone,Opioid Analgesics,This drug should be avoided or used very carefully in severe respiratory depression.,"It can cause constipation, sedation, respiratory depression, and dependence.",It is used for moderate to severe pain.,It decreases pain perception and can produce euphoria.,It is a commonly prescribed oral opioid with high misuse potential.,"Activates mu-opioid receptors, decreasing neurotransmitter release and pain signaling."
Fentanyl,Opioid Analgesics,This drug should be avoided in opioid-naive patients unless carefully supervised.,"It can cause profound respiratory depression, chest wall rigidity, and constipation.","It is used for severe pain, anesthesia, and procedural sedation.",It produces very strong pain relief with rapid onset.,It is extremely potent and highly lipophilic compared with morphine.,"Activates mu-opioid receptors, decreasing neurotransmitter release and pain transmission."
Tramadol,Opioid Analgesics,This drug should be avoided with MAO inhibitors or in patients with high seizure risk.,"It can cause seizures, serotonin syndrome, nausea, and dependence.",It is used for moderate pain.,It reduces pain through opioid and monoamine effects.,It has weaker opioid activity but added serotonin and norepinephrine effects.,Activates mu-opioid receptors and inhibits serotonin and norepinephrine reuptake.
Naloxone,Opioid Antagonists,This drug has no major contraindication in life-threatening opioid overdose.,"It can cause acute opioid withdrawal, agitation, vomiting, and hypertension.",It is used to reverse opioid overdose and respiratory depression.,It rapidly restores breathing in opioid toxicity.,It works quickly but may wear off before longer-acting opioids do.,"Competitively antagonizes opioid receptors, especially mu receptors."
Naltrexone,Opioid Antagonists,"This drug should be avoided in acute hepatitis, liver failure, or current opioid use.","It can cause nausea, headache, and hepatotoxicity at high doses.",It is used for alcohol use disorder and relapse prevention in opioid use disorder.,It reduces opioid reward and can reduce alcohol cravings.,It is long acting and can precipitate withdrawal if opioids are still present.,"Competitively antagonizes opioid receptors, especially mu receptors."
Granisetron,Serotonin Antagonists,This drug should be used carefully in patients with prolonged QT interval.,"It can cause headache, constipation, and QT prolongation.","It is used to prevent nausea and vomiting from chemotherapy, radiation, or surgery.",It reduces vomiting signals from the gut and brainstem.,It is a long-acting 5-HT3 blocker used for chemotherapy-related nausea.,Blocks 5-HT3 serotonin receptors on vagal afferents and in the chemoreceptor trigger zone.
Prochlorperazine,Dopamine Antagonists,This drug should be avoided in Parkinson disease and severe CNS depression when possible.,"It can cause dystonia, akathisia, sedation, and QT prolongation.","It is used for severe nausea, vomiting, and sometimes migraine-associated nausea.",It suppresses vomiting but can cause movement-related side effects.,It is a phenothiazine antiemetic with antipsychotic-like adverse effects.,Blocks dopamine D2 receptors in the chemoreceptor trigger zone.
Promethazine,Dopamine Antagonists,This drug should be avoided in very young children because of respiratory depression risk.,"It can cause sedation, anticholinergic effects, and hypotension.","It is used for nausea, vomiting, motion sickness, and allergy symptoms.",It reduces nausea and causes strong sedation.,It has prominent antihistamine and anticholinergic effects compared with many antiemetics.,Blocks H1 histamine receptors and has anticholinergic and dopamine-blocking activity.
Torsemide,Loop Diuretics,This drug should be used carefully in severe dehydration or electrolyte depletion.,"It can cause hypokalemia, metabolic alkalosis, ototoxicity, and volume depletion.","It is used for edema from heart failure, cirrhosis, or kidney disease.",It increases urine output and reduces fluid overload.,It has better oral bioavailability and a longer duration than furosemide.,Inhibits the Na-K-2Cl cotransporter in the thick ascending limb.
Indapamide,Thiazide Diuretics,This drug should be used carefully in severe kidney disease or sulfonamide allergy.,"It can cause hyponatremia, hypokalemia, hyperuricemia, and hyperglycemia.",It is used for hypertension and edema.,It lowers blood pressure by reducing volume and relaxing blood vessels over time.,It is thiazide-like and often used for hypertension with long action.,Inhibits the Na-Cl cotransporter in the distal convoluted tubule.
Amiloride,Potassium-Sparing Diuretics,This drug should be avoided in hyperkalemia and severe kidney impairment.,"It can cause hyperkalemia, nausea, and dizziness.",It is used to prevent potassium loss with other diuretics and to treat Liddle syndrome.,It increases sodium loss while conserving potassium.,It directly blocks ENaC and can treat lithium-induced nephrogenic diabetes insipidus.,Blocks epithelial sodium channels in the collecting duct.
Acetazolamide,Carbonic Anhydrase Inhibitors,"This drug should be avoided in sulfonamide allergy, severe liver disease, and marked electrolyte depletion.","It can cause metabolic acidosis, kidney stones, and paresthesias.","It is used for glaucoma, altitude sickness, and idiopathic intracranial hypertension.",It causes bicarbonate loss in urine and lowers aqueous humor production.,It can intentionally create a mild metabolic acidosis to help altitude sickness.,Inhibits carbonic anhydrase in the proximal tubule and ciliary body.
Mannitol,Osmotic Diuretics,"This drug should be avoided in pulmonary edema, severe dehydration, and active intracranial bleeding except during surgery.","It can cause pulmonary edema, dehydration, and electrolyte changes.",It is used to lower intracranial pressure and treat some cases of acute glaucoma.,It pulls water out of tissues and increases urine flow.,"It is filtered but not reabsorbed, creating osmotic diuresis.","Increases tubular fluid osmolality, reducing water reabsorption."
Finasteride,5α-Reductase Inhibitors,This drug should not be handled by pregnant patients if tablets are crushed or broken.,"It can cause decreased libido, erectile dysfunction, and gynecomastia.",It is used for benign prostatic hyperplasia and male-pattern hair loss.,It shrinks the prostate over time and can slow hair loss.,It mainly blocks the type II 5-alpha-reductase isoenzyme.,"Inhibits 5-alpha-reductase, decreasing conversion of testosterone to DHT."
Dutasteride,5α-Reductase Inhibitors,This drug should not be handled by pregnant patients if capsules leak.,"It can cause decreased libido, erectile dysfunction, and gynecomastia.",It is used for benign prostatic hyperplasia.,It lowers DHT and gradually reduces prostate size.,It blocks both type I and type II 5-alpha-reductase isoenzymes.,"Inhibits 5-alpha-reductase, decreasing conversion of testosterone to DHT."
Nitrofurantoin,Urinary Antiseptics,This drug should be avoided in significant kidney impairment and near-term pregnancy.,"It can cause pulmonary fibrosis, hemolysis in G6PD deficiency, and peripheral neuropathy.",It is used for uncomplicated lower urinary tract infection.,It concentrates in urine and kills bacteria in the bladder.,It is not appropriate for pyelonephritis because tissue levels are low.,"Forms reactive intermediates that damage bacterial DNA, ribosomal proteins, and other macromolecules."
Desmopressin (DDAVP),ADH Agonists,This drug should be used carefully in hyponatremia or patients who cannot restrict fluid intake.,"It can cause hyponatremia, water retention, and seizures in severe cases.","It is used for central diabetes insipidus, nocturnal enuresis, and von Willebrand disease.",It decreases urine output and can increase von Willebrand factor release.,It has stronger V2 activity and much less vasopressor effect than vasopressin.,"Activates V2 receptors, increasing aquaporin insertion and release of von Willebrand factor and factor VIII."
Tolvaptan,ADH Antagonists,This drug should not be used when the patient cannot sense or respond to thirst.,"It can cause thirst, polyuria, hypernatremia, and liver injury.",It is used for clinically significant euvolemic or hypervolemic hyponatremia.,It increases free water loss without major sodium loss.,It is an oral aquaretic drug that directly opposes ADH in the kidney.,"Blocks V2 receptors in the collecting duct, preventing aquaporin insertion."
Warfarin,Vitamin K Antagonists,This drug is contraindicated in pregnancy and active major bleeding.,"It can cause bleeding, skin necrosis, and many food or drug interactions.","It is used for long-term anticoagulation in atrial fibrillation, venous thromboembolism, and mechanical valves.",It slows clot formation but takes several days to reach full effect.,It requires INR monitoring and is reversed with vitamin K or clotting factors.,"Inhibits vitamin K epoxide reductase, decreasing activation of factors II, VII, IX, and X and proteins C and S."
Unfractionated Heparin,Heparins,This drug should be avoided in active bleeding and prior heparin-induced thrombocytopenia.,"It can cause bleeding, thrombocytopenia, and osteoporosis with long use.","It is used for acute anticoagulation in thrombosis, acute coronary syndromes, and procedures.",It works quickly and can be turned off quickly.,It is monitored with aPTT and reversed with protamine sulfate.,"Activates antithrombin, which inactivates thrombin and factor Xa."
Enoxaparin (LMWH),Heparins,This drug should be used carefully in severe kidney impairment and avoided in prior HIT when possible.,It can cause bleeding and thrombocytopenia.,It is used for venous thromboembolism prevention and treatment and acute coronary syndromes.,It provides predictable anticoagulation with subcutaneous dosing.,It mainly affects factor Xa and usually does not require routine aPTT monitoring.,"Activates antithrombin, preferentially inactivating factor Xa over thrombin."
Argatroban,Parenteral Direct Thrombin Inhibitors,This drug should be used carefully in hepatic impairment and active bleeding.,It can cause bleeding and elevated coagulation test values.,It is used for anticoagulation in heparin-induced thrombocytopenia.,It prevents clot growth without using heparin.,"It is hepatically cleared, making it useful in kidney failure.",Directly inhibits thrombin.
Bivalirudin,Parenteral Direct Thrombin Inhibitors,This drug should be used carefully in active bleeding and dose-adjusted in kidney impairment.,It can cause bleeding and anemia.,It is used during percutaneous coronary intervention and in some patients with heparin-induced thrombocytopenia.,It provides short-acting anticoagulation during procedures.,It is a hirudin analog with a short half-life.,Directly inhibits thrombin.
Dabigatran,Direct Oral Anticoagulants (DOACs),This drug should be avoided in mechanical heart valves and severe kidney impairment.,It can cause bleeding and dyspepsia.,It is used for stroke prevention in nonvalvular atrial fibrillation and for venous thromboembolism treatment.,It prevents fibrin clot formation.,It is the oral direct thrombin inhibitor reversed by idarucizumab.,Directly inhibits thrombin.
Rivaroxaban,Direct Oral Anticoagulants (DOACs),This drug should be avoided in active bleeding and used carefully in kidney or liver disease.,It can cause bleeding and anemia.,It is used for stroke prevention in atrial fibrillation and treatment or prevention of venous thromboembolism.,It reduces clot formation without routine INR monitoring.,It is an oral factor Xa inhibitor often taken once daily for many indications.,Directly inhibits factor Xa.
Apixaban,Direct Oral Anticoagulants (DOACs),This drug should be avoided in active bleeding and used carefully with strong CYP3A4 or P-gp interactions.,It can cause bleeding and anemia.,It is used for atrial fibrillation stroke prevention and venous thromboembolism treatment or prevention.,It reduces clot formation without routine INR monitoring.,It has relatively less kidney clearance than some other oral factor Xa inhibitors.,Directly inhibits factor Xa.
Aspirin,Cyclooxygenase Inhibitors,This drug should be avoided in children with viral illness and in active major bleeding.,"It can cause GI bleeding, tinnitus, and bronchospasm in sensitive patients.","It is used for pain, fever, inflammation, and prevention of arterial thrombosis.",It reduces platelet aggregation and can lower fever and pain.,Its antiplatelet effect lasts for the life of the platelet.,"Irreversibly inhibits COX-1 and COX-2, decreasing thromboxane A2 and prostaglandin synthesis."
Clopidogrel,P2Y12 Inhibitors,Avoid this drug in patients with active major bleeding such as a bleeding ulcer or brain bleed.,"It can cause bleeding, bruising, rash, and rarely thrombotic thrombocytopenic purpura.","It is used to prevent clots after acute coronary syndrome, stroke, peripheral artery disease, or stent placement.",It makes platelets less sticky and lowers the chance that an arterial clot will form.,"It is a prodrug, so some patients respond poorly if CYP2C19 activation is weak.",It irreversibly blocks the platelet P2Y12 ADP receptor and prevents ADP-driven platelet activation.
Ticagrelor,P2Y12 Inhibitors,Avoid this drug in patients with active bleeding or a history of intracranial bleeding.,It can cause bleeding and shortness of breath.,It is used to prevent coronary clotting after acute coronary syndrome or stent placement.,It quickly reduces platelet clumping and lowers the risk of recurrent heart attack.,It does not need metabolic activation and binds platelets reversibly.,It reversibly blocks the platelet P2Y12 ADP receptor and prevents ADP-mediated platelet activation.
Abciximab,GPIIb/IIIa Inhibitors,"Avoid this drug in patients with active bleeding, recent stroke, or severe uncontrolled hypertension.",It can cause major bleeding and thrombocytopenia.,It is used during high-risk coronary procedures to prevent platelet-rich clots.,It powerfully prevents final platelet aggregation during acute coronary interventions.,It is an antibody fragment with a long platelet effect even after the infusion stops.,It blocks platelet GPIIb/IIIa receptors and prevents fibrinogen from cross-linking platelets.
Eptifibatide,GPIIb/IIIa Inhibitors,Avoid this drug in patients with active bleeding or severe kidney failure without dose adjustment.,It can cause bleeding and low platelet counts.,It is used in acute coronary syndrome and during percutaneous coronary intervention.,It rapidly reduces platelet aggregation in the coronary arteries.,It is a short-acting peptide that is cleared mainly by the kidneys.,It blocks platelet GPIIb/IIIa receptors and prevents fibrinogen-mediated platelet cross-linking.
Tirofiban,GPIIb/IIIa Inhibitors,Avoid this drug in patients with active internal bleeding or severe thrombocytopenia.,"It can cause bleeding, thrombocytopenia, and access-site hematomas.",It is used in acute coronary syndrome and during coronary catheter procedures.,It decreases platelet aggregation quickly during high-risk coronary clotting states.,It is a small nonpeptide molecule with a short half-life.,It blocks platelet GPIIb/IIIa receptors and prevents fibrinogen from binding platelets together.
Cilostazol,Phosphodiesterase Inhibitors,Avoid this drug in patients with heart failure.,"It can cause headache, diarrhea, palpitations, and dizziness.",It is used to improve walking distance in intermittent claudication.,It improves blood flow to the legs and reduces platelet clumping.,It is especially associated with treatment of peripheral artery disease symptoms.,"It inhibits phosphodiesterase 3, increasing cAMP in platelets and vascular smooth muscle."
Dipyridamole,Phosphodiesterase Inhibitors,Avoid this drug in unstable angina or severe coronary artery disease when vasodilation could worsen ischemia.,"It can cause headache, flushing, dizziness, and low blood pressure.",It is used with aspirin for stroke prevention and with stress testing to mimic exercise.,It dilates vessels and reduces platelet activation.,It can produce coronary steal during pharmacologic stress testing.,"It inhibits phosphodiesterase and adenosine uptake, increasing cAMP and adenosine signaling."
Cyclophosphamide,Alkylating Agents,Avoid this drug in patients with severe bone marrow suppression or active uncontrolled infection.,"It can cause hemorrhagic cystitis, myelosuppression, infertility, and secondary cancers.",It is used for cancers and severe autoimmune diseases such as lupus nephritis.,It kills rapidly dividing cells and strongly suppresses immune activity.,It is linked to bladder toxicity that can be reduced with mesna and hydration.,It alkylates DNA after activation and cross-links DNA strands to block replication.
Mechlorethamine,Alkylating Agents,Avoid this drug in patients with severe bone marrow suppression or active serious infection.,"It can cause severe myelosuppression, nausea, vomiting, and tissue injury if it leaks from the vein.",It has been used in Hodgkin lymphoma and some topical treatments for cutaneous T-cell lymphoma.,It damages rapidly dividing cancer cells and suppresses bone marrow activity.,It is one of the classic nitrogen mustard chemotherapy drugs.,It alkylates DNA and forms cross-links that prevent DNA replication and transcription.
Doxorubicin,Antitumor Antibiotics,Use extra caution or avoid this drug in patients with significant heart failure or prior high anthracycline exposure.,"It can cause dilated cardiomyopathy, myelosuppression, mucositis, and red-orange urine.","It is used for leukemias, lymphomas, sarcomas, and breast cancer.",It kills cancer cells but can also weaken heart muscle over time.,Its heart toxicity can be reduced with dexrazoxane.,"It intercalates DNA, inhibits topoisomerase II, and generates free radicals."
Bleomycin,Antitumor Antibiotics,Avoid this drug in patients with severe lung disease when possible.,"It can cause pulmonary fibrosis, skin changes, fever, and mucositis.","It is used for Hodgkin lymphoma, testicular cancer, and some squamous cell cancers.",It damages tumor DNA with relatively little bone marrow suppression.,Its lung toxicity is an especially high-yield warning.,"It generates free radicals that cause DNA strand breaks, mainly in the G2 phase."
Methotrexate,Antimetabolites,"Avoid this drug in pregnancy, severe liver disease, and severe kidney disease.","It can cause myelosuppression, mucositis, liver toxicity, and pulmonary toxicity.","It is used for cancers, rheumatoid arthritis, psoriasis, and ectopic pregnancy.",It slows growth of rapidly dividing cells and reduces inflammatory immune activity.,Its toxicity can be rescued with leucovorin in some settings.,It inhibits dihydrofolate reductase and decreases thymidine and purine synthesis.
5-Fluorouracil (5-FU),Antimetabolites,Avoid this drug in patients with severe DPD deficiency because toxicity can be life-threatening.,"It can cause myelosuppression, diarrhea, mucositis, and hand-foot syndrome.","It is used for colorectal, pancreatic, breast, and other solid tumors.",It damages rapidly dividing cancer cells by limiting DNA production.,It is a pyrimidine analog often paired with leucovorin in colorectal cancer.,"It inhibits thymidylate synthase after conversion to FdUMP, reducing dTMP synthesis."
Vincristine,Microtubule Inhibitors,Avoid intrathecal administration because it can be fatal.,"It can cause peripheral neuropathy, constipation, and jaw pain with minimal myelosuppression.","It is used for leukemias, lymphomas, and several pediatric cancers.",It prevents cancer cells from completing mitosis.,It is remembered for neurotoxicity more than bone marrow toxicity.,"It binds tubulin and prevents microtubule polymerization, arresting cells in M phase."
Paclitaxel,Microtubule Inhibitors,Use caution in patients with severe baseline neuropathy or significant bone marrow suppression.,"It can cause peripheral neuropathy, myelosuppression, and hypersensitivity reactions.","It is used for ovarian, breast, lung, and Kaposi sarcoma cancers.",It freezes the mitotic spindle so cancer cells cannot divide normally.,It is associated with taxane-related neuropathy and infusion reactions.,"It stabilizes microtubules and prevents their depolymerization, arresting cells in M phase."
Etoposide,Topoisomerase Inhibitors,Use caution in patients with severe bone marrow suppression or active infection.,"It can cause myelosuppression, hair loss, mucositis, and secondary leukemia.","It is used for testicular cancer, small cell lung cancer, and lymphomas.",It causes DNA breaks that kill rapidly dividing cancer cells.,It is a podophyllotoxin derivative used in several combination regimens.,It inhibits topoisomerase II and prevents repair of double-stranded DNA breaks.
Irinotecan,Topoisomerase Inhibitors,Use caution in patients with severe liver dysfunction or poor UGT1A1 metabolism.,It can cause severe diarrhea and myelosuppression.,It is used mainly for colorectal cancer.,It causes DNA damage that slows tumor growth.,It is famous for early cholinergic diarrhea and delayed severe diarrhea.,It inhibits topoisomerase I and prevents repair of single-stranded DNA breaks.
Imatinib,Targeted Therapies,Use caution in pregnancy and in patients with significant liver problems.,"It can cause edema, nausea, muscle cramps, rash, and myelosuppression.","It is used for chronic myeloid leukemia, gastrointestinal stromal tumors, and other kinase-driven cancers.",It shuts down abnormal growth signaling in sensitive tumor cells.,It is strongly associated with treatment of BCR-ABL positive disease.,"It inhibits tyrosine kinases such as BCR-ABL, c-KIT, and PDGFR."
Trastuzumab,Targeted Therapies,Use caution or avoid this drug in patients with significant heart failure.,It can cause cardiotoxicity and infusion reactions.,It is used for HER2-positive breast and gastric cancers.,It slows tumor growth by targeting cells with excess HER2 signaling.,It requires HER2 testing before use.,It is a monoclonal antibody that binds HER2 and blocks HER2-driven growth signaling.
Bevacizumab,Targeted Therapies,Avoid this drug around major surgery or in patients with serious active bleeding.,"It can cause hypertension, bleeding, poor wound healing, and bowel perforation.","It is used for colorectal cancer, lung cancer, renal cell carcinoma, and some eye diseases.",It reduces new blood vessel growth that tumors need for oxygen and nutrients.,It is especially tied to anti-angiogenesis therapy.,It binds VEGF-A and prevents activation of VEGF receptors on endothelial cells.
Filgrastim (G-CSF),Colony Stimulating Factors,Use caution in patients with sickle cell disease because severe crises can occur.,"It can cause bone pain, fever, leukocytosis, and splenic rupture rarely.",It is used to treat or prevent neutropenia after chemotherapy or bone marrow suppression.,It raises neutrophil counts and helps the body fight bacterial infections.,It commonly causes bone pain because marrow activity increases.,It acts like granulocyte colony-stimulating factor and stimulates neutrophil production.
Epoetin alfa (EPO),Colony Stimulating Factors,Avoid this drug in uncontrolled hypertension.,"It can cause hypertension, thrombosis, and pure red cell aplasia rarely.",It is used for anemia from chronic kidney disease or chemotherapy.,It raises red blood cell production and improves oxygen-carrying capacity.,It reduces the need for blood transfusions in selected patients.,It activates erythropoietin receptors on erythroid progenitors to increase red blood cell production.
Edoxaban,,Avoid this drug in active major bleeding and in severe kidney dysfunction when dosing is unsafe.,It can cause bleeding and anemia.,It is used for atrial fibrillation stroke prevention and treatment of venous thromboembolism.,It reduces clot formation without requiring routine INR monitoring.,It has reduced effectiveness in atrial fibrillation when kidney clearance is very high.,It directly inhibits factor Xa and decreases thrombin generation.
Prasugrel,P2Y12 Inhibitors,Avoid this drug in patients with a history of stroke or TIA.,"It can cause serious bleeding, especially in older or low-body-weight patients.",It is used after acute coronary syndrome managed with coronary intervention.,It strongly reduces platelet clumping after stent placement.,It is generally more potent than clopidogrel but has more bleeding risk.,It irreversibly blocks the platelet P2Y12 ADP receptor and prevents platelet activation.
Eltrombopag,,Use caution in patients with liver disease or high clotting risk.,"It can cause liver toxicity, thrombosis, headache, and nausea.",It is used to raise platelets in immune thrombocytopenia and some marrow failure states.,It increases platelet production from megakaryocytes.,It is an oral platelet-raising drug that can bind dietary cations and lose absorption.,It activates the thrombopoietin receptor to stimulate megakaryocyte growth and platelet production.
Romiplostim,,Use caution in patients with high thrombotic risk or marrow fibrosis concerns.,"It can cause headache, joint pain, thrombosis, and increased marrow reticulin.",It is used to raise platelets in chronic immune thrombocytopenia.,It increases platelet production and lowers bleeding risk.,It is given by injection rather than as an oral tablet.,It activates the thrombopoietin receptor and stimulates megakaryocyte proliferation and platelet production.
Sulfasalazine,Disease-Modifying Antirheumatic Drugs (DMARDs),Avoid this drug in patients with sulfa allergy or salicylate allergy.,"It can cause GI upset, rash, hemolysis in G6PD deficiency, and reversible infertility in men.",It is used for rheumatoid arthritis and inflammatory bowel disease.,It decreases joint and bowel inflammation over time.,It contains a sulfa component and can turn skin or urine orange-yellow.,"It is converted in the colon to sulfapyridine and 5-ASA, which reduce inflammatory mediators."
Adalimumab,Biologic DMARDs,Avoid this drug in patients with active serious infection.,"It can cause serious infections, reactivation of tuberculosis, and injection-site reactions.","It is used for rheumatoid arthritis, inflammatory bowel disease, psoriasis, and ankylosing spondylitis.",It reduces inflammatory cytokine activity and improves autoimmune symptoms.,It is a fully human antibody that patients inject under the skin.,It binds TNF-alpha and prevents TNF-alpha from activating its receptors.
Etanercept,Biologic DMARDs,Avoid this drug in patients with active serious infection or sepsis.,"It can cause infections, injection-site reactions, and worsening heart failure.","It is used for rheumatoid arthritis, psoriasis, and ankylosing spondylitis.",It lowers TNF-driven inflammation in joints and skin.,It is a soluble receptor fusion protein rather than a classic antibody.,It acts as a decoy TNF receptor that binds TNF-alpha and reduces TNF signaling.
Rituximab,Biologic DMARDs,Avoid this drug in patients with active severe infection.,"It can cause infusion reactions, hepatitis B reactivation, and progressive multifocal leukoencephalopathy rarely.","It is used for B-cell lymphomas, rheumatoid arthritis, and some autoimmune diseases.",It depletes B cells and lowers antibody-driven immune activity.,It targets CD20-positive B cells but does not directly target plasma cells.,It is a monoclonal antibody that binds CD20 and causes B-cell destruction.
Cyclosporine,Calcineurin Inhibitors,Avoid this drug in uncontrolled hypertension or severe kidney dysfunction when possible.,"It can cause nephrotoxicity, hypertension, hypertrichosis, and gum overgrowth.",It is used to prevent transplant rejection and treat autoimmune diseases.,It suppresses T-cell activation and lowers immune attack on transplanted tissue.,It is known for hairy growth and gingival hyperplasia.,"It binds cyclophilin and inhibits calcineurin, decreasing IL-2 transcription."
Tacrolimus,Calcineurin Inhibitors,Use caution in patients with kidney dysfunction or uncontrolled diabetes.,"It can cause nephrotoxicity, neurotoxicity, hyperglycemia, and hypertension.",It is used to prevent transplant rejection and treat some inflammatory skin diseases.,It suppresses T-cell activation and protects transplanted organs from rejection.,It is more associated with diabetes and neurotoxicity than gum overgrowth.,"It binds FKBP and inhibits calcineurin, decreasing IL-2 transcription."
Mycophenolate Mofetil,Antimetabolite Immunosuppressants,Avoid this drug in pregnancy because it can cause birth defects.,"It can cause GI upset, leukopenia, infections, and teratogenicity.",It is used to prevent transplant rejection and treat autoimmune disease.,It reduces lymphocyte proliferation and weakens immune rejection responses.,It selectively affects lymphocytes because they rely heavily on de novo guanine synthesis.,It inhibits inosine monophosphate dehydrogenase and decreases guanine nucleotide synthesis.
Azathioprine,Antimetabolite Immunosuppressants,Use caution with allopurinol because toxicity can increase unless the dose is reduced.,"It can cause myelosuppression, pancreatitis, infections, and liver toxicity.",It is used for transplant rejection prevention and autoimmune diseases such as inflammatory bowel disease.,It decreases lymphocyte proliferation and suppresses immune activity.,It is converted to 6-mercaptopurine in the body.,It is metabolized to purine analogs that inhibit DNA synthesis in rapidly dividing immune cells.
Sirolimus (Rapamycin),mTOR Inhibitors,Avoid this drug around poor wound healing when possible.,"It can cause hyperlipidemia, thrombocytopenia, leukopenia, and delayed wound healing.",It is used to prevent transplant rejection and in some drug-eluting stents.,It blocks T-cell proliferation after activation has already begun.,It is less nephrotoxic than calcineurin inhibitors but delays wound healing.,"It binds FKBP and inhibits mTOR, blocking IL-2 driven T-cell proliferation."
Methylprednisolone,Systemic Corticosteroids,Use caution in patients with systemic fungal infections or uncontrolled infection.,"It can cause hyperglycemia, mood changes, osteoporosis, adrenal suppression, and infection risk.","It is used for severe inflammation, autoimmune flares, asthma exacerbations, and allergic reactions.","It rapidly reduces swelling, immune activation, and inflammatory symptoms.",It is often used as high-dose pulse therapy for severe inflammatory flares.,It activates intracellular glucocorticoid receptors and changes gene transcription to suppress inflammation.
Allopurinol,Uric Acid Lowering Agents,Use caution with azathioprine or mercaptopurine because dangerous myelosuppression can occur.,"It can cause rash, GI upset, liver injury, and severe hypersensitivity reactions.",It is used to prevent gout attacks and tumor lysis-related uric acid buildup.,It lowers uric acid levels over time.,It can worsen gout if started during an untreated acute flare.,It inhibits xanthine oxidase and decreases conversion of hypoxanthine and xanthine to uric acid.
Probenecid,Uric Acid Lowering Agents,Avoid this drug in patients with uric acid kidney stones or poor kidney function.,"It can cause kidney stones, rash, GI upset, and gout flares when first started.",It is used to prevent gout in patients who underexcrete uric acid.,It increases uric acid loss in urine and lowers blood uric acid.,It can raise penicillin levels by reducing renal secretion.,It inhibits uric acid reabsorption in the proximal tubule by blocking URAT1.
Colchicine,Acute Gout Treatment,"Use caution in severe kidney or liver disease, especially with strong CYP3A4 inhibitors.","It can cause diarrhea, abdominal pain, myopathy, and bone marrow suppression.",It is used for acute gout flares and prevention of gout flares when urate therapy begins.,It reduces neutrophil-driven inflammation in painful gouty joints.,It commonly causes GI symptoms before more serious toxicity appears.,"It binds tubulin and inhibits microtubule polymerization, reducing neutrophil migration and activity."
Indomethacin,Acute Gout Treatment,"Avoid this drug in active peptic ulcer disease, severe kidney disease, or late pregnancy.","It can cause GI bleeding, kidney injury, headache, and fluid retention.","It is used for acute gout, patent ductus arteriosus closure, and inflammatory pain.","It reduces pain, fever, swelling, and prostaglandin-mediated inflammation.",It is a strong NSAID often tested for closing a PDA.,It inhibits cyclooxygenase enzymes and decreases prostaglandin synthesis.
Tofacitinib,JAK Inhibitors,Avoid this drug in serious active infection.,"It can cause infections, shingles, blood clots, cytopenias, and increased lipids.","It is used for rheumatoid arthritis, psoriatic arthritis, ulcerative colitis, and related inflammatory diseases.",It lowers cytokine signaling and reduces autoimmune inflammation.,It is an oral targeted immunosuppressant rather than an injectable biologic.,It inhibits Janus kinases and blocks JAK-STAT cytokine signaling.
Anakinra,,Avoid this drug in patients with active serious infection.,"It can cause injection-site reactions, neutropenia, and infections.",It is used for rheumatoid arthritis and autoinflammatory conditions driven by IL-1.,It reduces fever and inflammation caused by IL-1 signaling.,It is a recombinant IL-1 receptor antagonist.,It blocks the IL-1 receptor and prevents IL-1 mediated inflammatory signaling.
Tocilizumab,,Avoid this drug in active serious infection.,"It can cause infections, liver enzyme elevation, neutropenia, and GI perforation.","It is used for rheumatoid arthritis, giant cell arteritis, and cytokine release syndrome.",It reduces systemic inflammation and can lower fever and acute-phase responses.,It can make CRP fall quickly because IL-6 drives hepatic acute-phase proteins.,It blocks the IL-6 receptor and reduces IL-6 mediated inflammatory signaling.
Febuxostat,Xanthine Oxidase Inhibitors,Use caution in patients with major cardiovascular disease.,"It can cause liver enzyme elevation, rash, gout flares, and possible cardiovascular risk.",It is used to lower uric acid in chronic gout.,It decreases uric acid production and helps prevent future gout attacks.,"It is not a purine analog, unlike allopurinol.",It inhibits xanthine oxidase and decreases uric acid formation.
Baclofen,Central Acting Muscle Relaxants,Use caution in patients with severe kidney disease because sedation can worsen.,"It can cause sleepiness, weakness, dizziness, and withdrawal symptoms if stopped suddenly.","It is used for muscle spasticity from spinal cord injury, multiple sclerosis, or other upper motor neuron problems.",It relaxes stiff muscles and reduces painful spasms.,It can be given intrathecally for severe spasticity.,It activates GABA-B receptors in the spinal cord and reduces excitatory neurotransmitter release.
Cyclobenzaprine,Central Acting Muscle Relaxants,"Avoid this drug in recent myocardial infarction, arrhythmias, or MAOI use.","It can cause sedation, dry mouth, dizziness, and anticholinergic effects.",It is used short term for acute painful muscle spasms.,It reduces muscle spasm and improves comfort during acute musculoskeletal pain.,It is structurally related to tricyclic antidepressants.,It acts centrally in the brainstem to reduce tonic somatic motor activity.
Vecuronium,Neuromuscular Blocking Agents,Avoid this drug when airway support and ventilation are not available.,It can cause prolonged paralysis and rarely histamine-related effects.,It is used to produce skeletal muscle relaxation during surgery or mechanical ventilation.,It paralyzes skeletal muscles without causing loss of consciousness or pain relief.,It has minimal cardiovascular effects compared with some other paralytics.,It competitively blocks nicotinic acetylcholine receptors at the neuromuscular junction.
Alendronate,Bisphosphonates,Avoid this drug in esophageal disorders or inability to sit upright after taking it.,"It can cause esophagitis, GI upset, osteonecrosis of the jaw, and atypical femur fractures rarely.",It is used to treat or prevent osteoporosis and Paget disease of bone.,It strengthens bone by decreasing bone breakdown.,It is taken orally with water and requires remaining upright afterward.,It binds bone mineral and inhibits osteoclast-mediated bone resorption.
Zoledronic acid,Bisphosphonates,Avoid this drug in severe kidney impairment.,"It can cause flu-like symptoms, kidney injury, hypocalcemia, and jaw osteonecrosis rarely.","It is used for osteoporosis, Paget disease, hypercalcemia of malignancy, and bone metastases.",It decreases bone resorption and can lower high calcium levels.,It is given by IV infusion and is more potent than many oral options.,It binds bone mineral and inhibits osteoclast-mediated bone resorption.
Calcium Carbonate,Calcium and Vitamin D,Use caution in patients with hypercalcemia or kidney stones.,"It can cause constipation, bloating, and high calcium levels.","It is used as a calcium supplement, phosphate binder, and antacid.",It increases available calcium and can neutralize stomach acid.,It needs stomach acid for best absorption as a supplement.,It provides elemental calcium and binds phosphate in the gut while neutralizing gastric acid.
Calcitriol,Calcium and Vitamin D,Avoid this drug in hypercalcemia or vitamin D toxicity.,"It can cause high calcium, high phosphate, kidney stones, and weakness.","It is used for hypocalcemia, chronic kidney disease-related mineral problems, and hypoparathyroidism.",It raises calcium and phosphate levels in the blood.,It is the active form of vitamin D and does not need kidney activation.,It activates vitamin D receptors and increases intestinal calcium and phosphate absorption.
Denosumab,RANKL Inhibitors,Correct low calcium before starting this drug.,"It can cause hypocalcemia, infections, eczema, and jaw osteonecrosis rarely.",It is used for osteoporosis and prevention of skeletal events from bone metastases.,It decreases bone resorption and increases bone density.,It is a monoclonal antibody rather than a bisphosphonate.,"It binds RANKL and prevents osteoclast formation, function, and survival."
Methocarbamol,Central Acting Muscle Relaxants,Use caution in patients who need to stay alert or avoid sedating medicines.,"It can cause drowsiness, dizziness, nausea, and low blood pressure.",It is used for acute painful muscle spasms.,It relaxes muscles mainly by reducing central nervous system activity.,It is less anticholinergic than cyclobenzaprine.,It acts centrally to depress polysynaptic reflexes and reduce skeletal muscle spasm.
Tretinoin,Topical Retinoids,Avoid this drug in pregnancy when used systemically and avoid excess sun exposure when used topically.,"It can cause skin irritation, peeling, photosensitivity, and birth defects if used systemically in pregnancy.","It is used for acne, photoaging, and acute promyelocytic leukemia in oral form.",It normalizes skin cell turnover and helps unplug follicles.,It is also used to force malignant promyelocytes to mature in APL.,It activates retinoic acid receptors and changes gene transcription controlling cell differentiation.
Adapalene,Topical Retinoids,"Avoid applying this drug to sunburned, broken, or irritated skin.","It can cause dryness, redness, peeling, and photosensitivity.",It is used topically for acne vulgaris.,It reduces clogged pores and improves inflammatory acne lesions.,It is often better tolerated and more photostable than older topical retinoids.,It binds retinoic acid receptors and normalizes follicular epithelial cell differentiation.
Isotretinoin,Isotretinoin,Avoid this drug in pregnancy because it is highly teratogenic.,"It can cause dry skin, cheilitis, hypertriglyceridemia, liver enzyme elevation, and birth defects.",It is used for severe nodular acne that has not responded to other treatments.,It shrinks sebaceous glands and greatly reduces oil production.,It requires strict pregnancy prevention monitoring programs.,"It activates retinoic acid receptors and reduces sebaceous gland size, sebum production, and follicular keratinization."
Clotrimazole,Azole Antifungals,Avoid this drug if there is a prior serious allergy to azole antifungals.,"It can cause local burning, irritation, itching, and redness.","It is used for tinea infections, cutaneous candidiasis, and vulvovaginal candidiasis.",It stops fungal growth on skin or mucosal surfaces.,It is commonly used topically or as a vaginal product.,It inhibits fungal 14-alpha-demethylase and decreases ergosterol synthesis in fungal cell membranes.
Ketoconazole,Azole Antifungals,Avoid oral use in significant liver disease when safer alternatives are available.,"It can cause liver toxicity, gynecomastia, adrenal suppression, and drug interactions.","It is used topically for dandruff and fungal skin infections, with oral use now limited.",It reduces fungal growth and can lower steroid hormone production.,It is notable for endocrine side effects due to steroid synthesis inhibition.,It inhibits fungal 14-alpha-demethylase and also inhibits human steroid synthesis enzymes at higher exposure.
Terbinafine,Allylamine Antifungals,Avoid oral use in active or chronic liver disease.,"It can cause liver injury, taste disturbance, rash, and GI upset.","It is used for dermatophyte infections, especially toenail fungus.",It kills dermatophytes by disrupting fungal membrane sterol production.,It is especially effective for onychomycosis compared with many topical options.,It inhibits fungal squalene epoxidase and decreases ergosterol synthesis.
Hydrocortisone,Low to High Potency Steroids,"Avoid applying this drug to untreated bacterial, fungal, or viral skin infections unless infection is treated.","It can cause skin thinning, striae, acne, and adrenal suppression with heavy use.","It is used for mild eczema, dermatitis, itching, and adrenal replacement when given systemically.","It reduces redness, itching, swelling, and immune irritation.",It is one of the lower-potency topical steroid options.,It activates glucocorticoid receptors and changes gene transcription to suppress inflammatory mediators.
Triamcinolone,Low to High Potency Steroids,Avoid using this drug on untreated skin infections or large areas for long periods.,"It can cause skin atrophy, striae, telangiectasias, and adrenal suppression with overuse.","It is used for inflammatory skin diseases, allergic conditions, and joint inflammation depending on formulation.","It reduces inflammation, itching, and swelling more strongly than mild topical steroids.",It is a medium-potency steroid commonly used for body plaques rather than face folds.,It activates glucocorticoid receptors and decreases transcription of inflammatory cytokines and mediators.
Clobetasol,Low to High Potency Steroids,"Avoid using this drug on the face, groin, or skin folds unless specifically directed.","It can cause severe skin thinning, striae, adrenal suppression, and rebound flares if overused.",It is used for severe inflammatory skin plaques such as psoriasis or severe eczema.,It powerfully reduces local skin inflammation and itching.,It is a super-high-potency topical steroid.,It activates glucocorticoid receptors and strongly suppresses inflammatory gene transcription.
Tacrolimus (Topical),Topical Calcineurin Inhibitors,Avoid using this drug on infected skin until the infection is treated.,"It can cause burning, itching, and increased local infection risk.","It is used for atopic dermatitis, especially in sensitive areas where steroids are risky.",It reduces skin inflammation without causing steroid-related skin thinning.,It is useful on the face and eyelids because it is not a topical steroid.,It inhibits calcineurin in T cells and decreases inflammatory cytokine transcription.
Pimecrolimus,Topical Calcineurin Inhibitors,Avoid using this drug on active viral or bacterial skin infections.,"It can cause application-site burning, irritation, and increased infection risk.",It is used for mild to moderate atopic dermatitis.,It reduces eczema inflammation without thinning the skin like steroids can.,It is a nonsteroid cream often used for sensitive skin areas.,It inhibits calcineurin and decreases T-cell cytokine production in the skin.
Mupirocin,Topical Antibiotics,Avoid this drug if there is a prior serious allergy to it.,"It can cause local burning, stinging, itching, and rash.",It is used for impetigo and nasal decolonization of Staphylococcus aureus.,It kills susceptible skin bacteria at the site of application.,It is especially associated with MRSA nasal decolonization.,It inhibits bacterial isoleucyl-tRNA synthetase and blocks protein synthesis.
Clindamycin (Topical),Topical Antibiotics,Use caution in patients with a history of antibiotic-associated colitis.,"It can cause skin dryness, irritation, and rarely C. difficile-associated diarrhea.",It is used topically for acne vulgaris.,It decreases acne-causing bacteria and inflammation in hair follicles.,It is often paired with benzoyl peroxide to reduce resistance.,It binds the 50S ribosomal subunit and inhibits bacterial protein synthesis.
Ustekinumab,IL-12/23 Inhibitors,Avoid this drug in patients with active serious infection.,"It can cause infections, headache, fatigue, and injection-site reactions.","It is used for plaque psoriasis, psoriatic arthritis, Crohn disease, and ulcerative colitis.",It reduces inflammatory T-cell signaling in skin and gut disease.,It targets the shared p40 subunit used by two interleukins.,It binds the p40 subunit of IL-12 and IL-23 and blocks their inflammatory signaling.
Latanoprost,Prostaglandin Analogs,Use caution in patients with active eye inflammation or risk of macular edema.,"It can cause iris darkening, eyelash growth, eye redness, and periocular skin darkening.",It is used to lower eye pressure in open-angle glaucoma or ocular hypertension.,It increases fluid drainage from the eye and lowers intraocular pressure.,It is often dosed once nightly and can permanently darken the iris.,It activates prostaglandin F receptors and increases uveoscleral outflow of aqueous humor.
Bimatoprost,Prostaglandin Analogs,Use caution in patients with active eye inflammation or macular edema risk.,"It can cause eyelash growth, iris darkening, eye redness, and itchy eyes.","It is used for open-angle glaucoma, ocular hypertension, and eyelash hypotrichosis.",It lowers eye pressure and can make eyelashes longer and thicker.,It is also marketed for eyelash growth.,It activates prostaglandin receptors and increases aqueous humor outflow.
Betaxolol,Beta-Blockers,"Use caution in asthma, COPD, bradycardia, or heart block.","It can cause eye irritation, slow heart rate, bronchospasm, and low blood pressure.",It is used as an eye drop for open-angle glaucoma or ocular hypertension.,It lowers intraocular pressure by reducing aqueous humor production.,It is relatively beta-1 selective compared with nonselective ophthalmic beta blockers.,It blocks beta-1 receptors in the ciliary body and decreases aqueous humor formation.
Dorzolamide,Carbonic Anhydrase Inhibitors,Avoid this drug in patients with severe sulfonamide allergy if risk is considered high.,"It can cause bitter taste, eye burning, redness, and rarely sulfa-type reactions.",It is used as an eye drop for open-angle glaucoma or ocular hypertension.,It lowers eye pressure by reducing fluid production in the eye.,"It is a topical carbonic anhydrase inhibitor, so it avoids many systemic effects.",It inhibits carbonic anhydrase in the ciliary processes and decreases aqueous humor secretion.
Brinzolamide,Carbonic Anhydrase Inhibitors,Use caution in patients with severe sulfonamide allergy or severe kidney disease.,"It can cause blurred vision, bitter taste, eye discomfort, and redness.",It is used to lower intraocular pressure in open-angle glaucoma or ocular hypertension.,It decreases aqueous humor production and lowers eye pressure.,It is often used as an ophthalmic suspension.,It inhibits carbonic anhydrase in the ciliary body and reduces aqueous humor secretion.
Ciprofloxacin otic,Otic Antibiotics,Avoid this drug if there is a serious fluoroquinolone allergy.,"It can cause ear discomfort, itching, and a bitter taste if it drains into the throat.",It is used for otitis externa and some ear infections with tympanostomy tubes.,It kills susceptible bacteria in the ear canal.,It is safe for many situations where the eardrum is not intact.,"It inhibits bacterial DNA gyrase and topoisomerase IV, blocking DNA replication."
Polymyxin B/Neomycin/Hydrocortisone,Otic Antibiotics,Avoid this drug if the tympanic membrane is perforated because neomycin can be ototoxic.,"It can cause local irritation, contact allergy, and hearing toxicity if it reaches the inner ear.",It is used for otitis externa when the eardrum is intact.,It kills ear canal bacteria and reduces inflammation and itching.,It combines two antibiotics with a steroid in one ear drop.,"It disrupts bacterial membranes, inhibits bacterial protein synthesis, and activates glucocorticoid receptors."
Oxymetazoline,Nasal Decongestants,Use caution in severe hypertension or coronary artery disease.,It can cause rebound congestion if used for more than a few days.,It is used for short-term relief of nasal congestion.,It shrinks swollen nasal blood vessels and opens the nasal passages.,It should generally be limited to three days to avoid rhinitis medicamentosa.,It stimulates alpha-adrenergic receptors in nasal blood vessels and causes vasoconstriction.
Lithium Carbonate,Lithium,"Avoid this drug in severe kidney disease, severe dehydration, or pregnancy when possible.","It can cause tremor, hypothyroidism, nephrogenic diabetes insipidus, weight gain, and toxicity.","It is used for bipolar disorder, especially mania and maintenance therapy.",It stabilizes mood and lowers the risk of manic relapse.,It has a narrow therapeutic window and requires blood level monitoring.,It inhibits inositol monophosphatase and affects second messenger signaling in neurons.
Levodopa/Carbidopa,Dopamine Precursors,Use caution in psychosis or narrow-angle glaucoma.,"It can cause dyskinesias, nausea, hallucinations, and wearing-off effects.",It is used to treat motor symptoms of Parkinson disease.,It increases brain dopamine activity and improves bradykinesia and rigidity.,The added peripheral blocker reduces nausea and increases delivery to the brain.,"Levodopa is converted to dopamine in the brain, while carbidopa inhibits peripheral DOPA decarboxylase."
Pramipexole,Dopamine Agonists,Use caution in patients with psychosis or severe sleepiness.,"It can cause sleep attacks, hallucinations, nausea, edema, and impulse-control problems.",It is used for Parkinson disease and restless legs syndrome.,It directly stimulates dopamine signaling and improves motor symptoms.,"It is associated with gambling, hypersexuality, and other impulse behaviors.","It directly activates dopamine receptors, especially D2 and D3 receptors."
Ropinirole,Dopamine Agonists,"Use caution in patients with psychosis, severe sleepiness, or impulse-control disorders.","It can cause nausea, dizziness, hallucinations, sleep attacks, and compulsive behaviors.",It is used for Parkinson disease and restless legs syndrome.,It improves dopamine-related motor symptoms without needing conversion to dopamine.,It is another dopamine agonist linked to sudden sleep episodes.,"It directly stimulates dopamine receptors, especially D2-type receptors."
Selegiline,MAO-B Inhibitors,Avoid this drug with serotonergic drugs or meperidine because serious toxicity can occur.,"It can cause insomnia, nausea, orthostatic hypotension, and serotonin syndrome with interacting drugs.",It is used as an adjunct treatment for Parkinson disease.,It increases dopamine availability in the brain and may reduce wearing-off symptoms.,It has amphetamine-like metabolites that can contribute to insomnia.,It selectively inhibits MAO-B at usual doses and decreases dopamine breakdown.
Rasagiline,MAO-B Inhibitors,"Avoid this drug with serotonergic drugs, meperidine, or certain sympathomimetics.","It can cause headache, joint pain, nausea, and hypertensive or serotonin toxicity with interactions.",It is used for Parkinson disease as monotherapy or add-on therapy.,It increases brain dopamine tone and improves motor symptoms.,It lacks the amphetamine-like metabolites associated with selegiline.,It selectively inhibits MAO-B and reduces dopamine metabolism in the brain.
Phenobarbital,GABA Enhancers,"Use caution in respiratory depression, severe liver disease, or porphyria.","It can cause sedation, respiratory depression, cognitive slowing, and dependence.","It is used for seizures, including neonatal seizures, and sometimes for status epilepticus.",It raises the seizure threshold and strongly depresses CNS activity.,It is a long-acting barbiturate and a strong inducer of hepatic enzymes.,It enhances GABA-A receptor activity by increasing chloride channel opening duration.
Gabapentin,GABA Enhancers,Use caution in kidney disease because dose adjustment is needed.,"It can cause dizziness, sleepiness, ataxia, and peripheral edema.","It is used for neuropathic pain, postherpetic neuralgia, and focal seizures.",It calms overactive nerve signaling and reduces nerve pain.,It does not directly bind GABA receptors despite its name.,It binds alpha-2-delta subunits of voltage-gated calcium channels and decreases excitatory neurotransmitter release.
Amitriptyline,Tricyclic Antidepressants (TCAs),Avoid this drug in recent myocardial infarction or high suicide risk when possible.,"It can cause sedation, dry mouth, constipation, urinary retention, orthostatic hypotension, and arrhythmias.","It is used for depression, neuropathic pain, migraine prevention, and insomnia.",It increases monoamine signaling but also causes strong anticholinergic sedation.,It is one of the more sedating and anticholinergic tricyclics.,"It inhibits reuptake of norepinephrine and serotonin and also blocks muscarinic, histamine, and alpha-1 receptors."
Nortriptyline,Tricyclic Antidepressants (TCAs),Use caution in cardiac conduction disease or recent myocardial infarction.,"It can cause dry mouth, constipation, urinary retention, orthostatic hypotension, and arrhythmias.","It is used for depression, neuropathic pain, and migraine prevention.",It increases mood-related monoamine signaling and reduces chronic nerve pain.,It is generally less sedating and less anticholinergic than amitriptyline.,"It inhibits norepinephrine and serotonin reuptake and also blocks muscarinic, histamine, and alpha-1 receptors."
Phenelzine,Monoamine Oxidase Inhibitors (MAOIs),Avoid tyramine-rich foods and many serotonergic or sympathomimetic drugs while taking this drug.,"It can cause hypertensive crisis, serotonin syndrome, orthostatic hypotension, weight gain, and sexual dysfunction.",It is used for atypical depression or treatment-resistant depression.,It increases several monoamines and can improve mood and anxiety symptoms.,It requires strict dietary precautions because of tyramine sensitivity.,"It irreversibly inhibits MAO-A and MAO-B, increasing norepinephrine, serotonin, and dopamine."
Clozapine,Atypical Antipsychotics,Avoid this drug in patients who cannot comply with required blood monitoring.,"It can cause agranulocytosis, seizures, myocarditis, weight gain, diabetes, and heavy salivation.",It is used for treatment-resistant schizophrenia and to reduce suicidal behavior in schizophrenia.,It improves psychosis with relatively low risk of movement side effects.,It requires absolute neutrophil count monitoring because of agranulocytosis risk.,"It blocks dopamine D2 receptors weakly and serotonin 5-HT2A receptors more strongly, with multiple other receptor effects."
Clonazepam,Benzodiazepines,Avoid this drug with opioids or severe respiratory depression when possible.,"It can cause sedation, impaired coordination, dependence, and respiratory depression.",It is used for panic disorder and certain seizure disorders.,It calms CNS activity and reduces anxiety or seizure tendency.,It has a relatively long duration compared with many benzodiazepines.,It enhances GABA-A receptor activity by increasing the frequency of chloride channel opening.
Valproic Acid,Anticonvulsants as Mood Stabilizers,Avoid this drug in pregnancy and significant liver disease.,"It can cause neural tube defects, liver toxicity, pancreatitis, weight gain, tremor, and thrombocytopenia.","It is used for seizures, bipolar disorder, and migraine prevention.",It stabilizes neuronal firing and helps prevent seizures and mood episodes.,It is broad-spectrum but highly teratogenic.,It increases GABA levels and also blocks voltage-gated sodium channels.
Levetiracetam,Other Antiepileptics,Use caution in severe kidney disease because dosing must be adjusted.,"It can cause sleepiness, dizziness, irritability, and mood or behavior changes.","It is used for focal seizures, generalized tonic-clonic seizures, and myoclonic seizures.",It reduces seizure activity with few drug interactions.,It is known for behavioral side effects rather than major liver enzyme interactions.,It binds synaptic vesicle protein SV2A and modulates neurotransmitter release.
Topiramate,Other Antiepileptics,Avoid this drug in pregnancy when possible and use caution in kidney stone risk.,"It can cause cognitive slowing, weight loss, kidney stones, paresthesias, and metabolic acidosis.","It is used for seizures, migraine prevention, and sometimes weight loss support.",It reduces neuronal excitability and can reduce appetite.,It is remembered for causing word-finding difficulty and weight loss.,"It blocks voltage-gated sodium channels, enhances GABA activity, inhibits AMPA/kainate receptors, and weakly inhibits carbonic anhydrase."
Memantine,NMDA Antagonists,Use caution in severe kidney disease because dose adjustment may be needed.,"It can cause dizziness, confusion, headache, and constipation.",It is used for moderate to severe Alzheimer disease.,It may slow cognitive and functional decline in dementia.,It targets glutamate signaling rather than acetylcholine breakdown.,It blocks NMDA receptors and reduces pathologic glutamate-mediated excitotoxicity.
Methylphenidate,Stimulants,"Avoid this drug in severe anxiety, tics, or recent MAOI use.","It can cause insomnia, appetite loss, increased heart rate, increased blood pressure, and growth suppression.",It is used for ADHD and narcolepsy.,"It increases alertness, focus, and impulse control.",It mainly works by blocking reuptake rather than directly releasing monoamines.,It inhibits dopamine and norepinephrine reuptake transporters in the CNS.
Amphetamine/Dextroamphetamine,Stimulants,Avoid this drug with recent MAOI use or in severe cardiovascular disease.,"It can cause insomnia, appetite loss, hypertension, tachycardia, anxiety, and misuse dependence.",It is used for ADHD and narcolepsy.,"It increases wakefulness, attention, and executive control.",It promotes monoamine release more directly than methylphenidate.,It increases synaptic norepinephrine and dopamine by promoting release and reversing monoamine transporters.
Atomoxetine,Non-Stimulant ADHD Medications,Avoid this drug with MAOIs and use caution in severe liver disease.,"It can cause nausea, decreased appetite, sleepiness, increased blood pressure, and rare liver injury.",It is used for ADHD when a non-stimulant option is preferred.,It improves attention and impulse control without being a controlled stimulant.,It has less misuse potential than stimulant ADHD medicines.,It selectively inhibits norepinephrine reuptake in the CNS.
Ethinyl Estradiol/Norethindrone,Combined Oral Contraceptives,"Avoid this drug in pregnancy, active thromboembolism, estrogen-sensitive cancer, or migraine with aura.","It can cause nausea, breast tenderness, breakthrough bleeding, hypertension, and blood clots.","It is used for contraception, cycle control, dysmenorrhea, acne, and heavy menstrual bleeding.",It prevents ovulation and makes cervical mucus less favorable for sperm.,It contains a first-generation progestin that can be useful for predictable cycle control.,It suppresses FSH and LH to inhibit ovulation and thickens cervical mucus through progestin effects.
Ethinyl Estradiol/Levonorgestrel,Combined Oral Contraceptives,"Avoid this drug in smokers over 35, active clotting disease, pregnancy, or migraine with aura.","It can cause nausea, breast tenderness, breakthrough bleeding, hypertension, and venous thromboembolism.",It is used for contraception and menstrual cycle regulation.,It prevents ovulation and creates cervical mucus that slows sperm movement.,It contains a more androgenic progestin and is also used in some emergency contraception products.,It suppresses FSH and LH to block ovulation and thickens cervical mucus to reduce sperm penetration.
Ethinyl Estradiol/Drospirenone,Combined Oral Contraceptives,"Avoid this drug in kidney disease, adrenal insufficiency, active clotting disease, or pregnancy.","It can cause nausea, breast tenderness, breakthrough bleeding, blood clots, and high potassium.","It is used for contraception, acne, premenstrual dysphoric disorder, and cycle control.",It prevents ovulation and may reduce fluid retention and androgen-related acne.,Its progestin has antiandrogenic and antimineralocorticoid activity.,"It suppresses FSH and LH to inhibit ovulation and thickens cervical mucus, while drospirenone antagonizes androgen and mineralocorticoid receptors."
Norethindrone (Mini-pill),Progestin-Only Contraceptives,"Avoid this drug in pregnancy, active breast cancer, or unexplained vaginal bleeding.","It can cause irregular bleeding, headache, breast tenderness, and mood changes.",It is used for contraception when estrogen is not desired or is contraindicated.,It thickens cervical mucus and may suppress ovulation in some cycles.,It must be taken at the same time every day because timing is less forgiving.,"It activates progesterone receptors, thickens cervical mucus, alters the endometrium, and variably suppresses LH ovulation signals."
Medroxyprogesterone (Depo),Progestin-Only Contraceptives,"Avoid this drug in pregnancy, active breast cancer, or unexplained vaginal bleeding.","It can cause irregular bleeding, weight gain, delayed fertility return, and bone density loss.",It is used for long-acting contraception and sometimes for abnormal uterine bleeding.,It suppresses ovulation for months after each injection.,It is given as an injection every three months.,"It activates progesterone receptors and suppresses GnRH, LH, and ovulation while thickening cervical mucus."
Levonorgestrel IUD,Progestin-Only Contraceptives,"It should not be used when pregnancy, unexplained vaginal bleeding, active pelvic infection, or uterine cancer is suspected.","It can cause irregular bleeding, cramping, ovarian cysts, or rarely uterine perforation during placement.",It is used for long-term pregnancy prevention and can also help with heavy menstrual bleeding.,It makes cervical mucus thicker and usually makes the uterine lining thinner.,It works mainly inside the uterus and can last for years with very low daily hormone exposure.,"It activates progesterone receptors to thicken cervical mucus, thin the endometrium, and reduce sperm survival."
Estradiol,Estrogens,"It should not be used in estrogen-sensitive cancer, active clotting disease, severe liver disease, or unexplained vaginal bleeding.","It can cause breast tenderness, nausea, headache, fluid retention, and an increased risk of blood clots.","It is used for menopausal hot flashes, vaginal atrophy, ovarian failure, and gender-affirming hormone therapy.",It supports female secondary sex characteristics and improves estrogen-deficiency symptoms.,It is the main natural estrogen made by the ovaries before menopause.,It binds estrogen receptors and changes gene transcription in estrogen-responsive tissues.
Conjugated Estrogens,Estrogens,"They should not be used in estrogen-sensitive cancer, active thromboembolism, severe liver disease, or unexplained vaginal bleeding.","They can cause breast tenderness, nausea, headache, endometrial hyperplasia, and increased risk of blood clots.","They are used for menopausal vasomotor symptoms, vulvovaginal atrophy, and estrogen deficiency.",They reduce hot flashes and help maintain estrogen effects on genital and other tissues.,They are a mixture of estrogen compounds rather than a single estrogen molecule.,They activate estrogen receptors to regulate transcription in estrogen-responsive tissues.
Progesterone,Progestins,"It should not be used with unexplained vaginal bleeding, active clotting disease, severe liver disease, or known breast cancer.","It can cause sleepiness, mood changes, bloating, breast tenderness, and irregular bleeding.","It is used for luteal support, abnormal uterine bleeding, contraception regimens, and endometrial protection during estrogen therapy.",It stabilizes the uterine lining and helps prepare the uterus for pregnancy.,It is the natural progestin that rises after ovulation from the corpus luteum.,It binds progesterone receptors and changes gene transcription to make the endometrium secretory and reduce uterine excitability.
Medroxyprogesterone,Progestins,"It should not be used in pregnancy, unexplained vaginal bleeding, active clotting disease, severe liver disease, or breast cancer.","It can cause weight gain, irregular bleeding, delayed return of fertility, and decreased bone mineral density with long-term use.","It is used for contraception, abnormal uterine bleeding, endometrial hyperplasia prevention, and some hormone-sensitive cancers.",It suppresses ovulation and often makes periods lighter or less frequent over time.,It can be given as a long-acting injection that provides contraception for about three months.,"It activates progesterone receptors to inhibit GnRH pulsatility, suppress the LH surge, thicken cervical mucus, and thin the endometrium."
Oxytocin,Oxytocics,"It should not be used when vaginal delivery is unsafe, such as placenta previa, uterine rupture risk, or major fetal malposition.","It can cause uterine tachysystole, fetal distress, hypotension, and water retention with high doses.","It is used to induce labor, strengthen labor contractions, and treat postpartum uterine bleeding.",It increases the strength and frequency of uterine contractions and helps milk let down.,It is a posterior pituitary hormone that is commonly given by IV infusion during labor.,"It activates Gq-coupled oxytocin receptors, increasing intracellular calcium in uterine smooth muscle and myoepithelial cells."
Methylergonovine,Oxytocics,"It should not be used in hypertension, preeclampsia, or significant vascular disease because it can raise blood pressure.","It can cause severe hypertension, nausea, vomiting, headache, and painful uterine cramping.",It is used after delivery to treat postpartum hemorrhage from uterine atony.,"It produces strong, sustained uterine contraction that helps compress bleeding vessels.",It is an ergot-derived uterotonic that is avoided in hypertensive patients.,"It activates uterine smooth muscle through serotonergic and alpha-adrenergic effects, causing sustained uterine contraction."
Sildenafil,PDE5 Inhibitors,It should not be used with nitrates or riociguat because severe hypotension can occur.,"It can cause headache, flushing, nasal congestion, dyspepsia, hypotension, and blue-tinted vision.",It is used for erectile dysfunction and pulmonary arterial hypertension.,It improves penile blood filling and lowers pulmonary vascular resistance.,It has a shorter duration than the once-daily long-acting option in its class.,"It inhibits phosphodiesterase-5, increasing cGMP and enhancing nitric oxide-mediated smooth muscle relaxation."
Tadalafil,PDE5 Inhibitors,It should not be used with nitrates or riociguat because severe hypotension can occur.,"It can cause headache, flushing, dyspepsia, nasal congestion, back pain, and myalgia.","It is used for erectile dysfunction, benign prostatic hyperplasia symptoms, and pulmonary arterial hypertension.",It improves erectile response and can relax smooth muscle in the prostate and pulmonary vessels.,It lasts much longer than most similar agents and can be used as a daily medication.,"It inhibits phosphodiesterase-5, increasing cGMP and enhancing nitric oxide-mediated smooth muscle relaxation."
Vardenafil,PDE5 Inhibitors,"It should not be used with nitrates, riociguat, or strong QT-prolonging risk factors.","It can cause headache, flushing, nasal congestion, dyspepsia, hypotension, and rare vision or hearing changes.",It is used to treat erectile dysfunction.,It improves the ability to get and maintain an erection during sexual stimulation.,It is mainly used for erectile dysfunction and has more QT-related caution than some related drugs.,"It inhibits phosphodiesterase-5, increasing cGMP and enhancing nitric oxide-mediated smooth muscle relaxation."